Name,Year,Genre,Publisher,Developer,Platform,Units,Revenue_USD_M
Assassin's Creed IV: Black Flag,2013,Action-Adventure,Ubisoft,Ubisoft,Multi,5.9,236
Assassin's Creed IV: Black Flag,2013,Action-Adventure,Ubisoft,Ubisoft,PS4,2.1,82.6
Assassin's Creed IV: Black Flag,2013,Action-Adventure,Ubisoft,Ubisoft,PS5,2.1,82.6
Assassin's Creed IV: Black Flag,2013,Action-Adventure,Ubisoft,Ubisoft,Xbox One,1.5,59
Assassin's Creed IV: Black Flag,2013,Action-Adventure,Ubisoft,Ubisoft,Xbox Series X,1.5,59
Assassin's Creed IV: Black Flag,2013,Action-Adventure,Ubisoft,Ubisoft,PC,1.2,47.2
Assassin's Creed IV: Black Flag,2013,Action-Adventure,Ubisoft,Ubisoft,Nintendo Switch,0.6,23.6
Assassin's Creed IV: Black Flag,2013,Action-Adventure,Ubisoft,Ubisoft,Mobile,0.3,11.8
Battlefield 4,2013,Shooter,EA,DICE,Multi,7.2,288
Battlefield 4,2013,Shooter,EA,DICE,PS4,2.5,100.8
Battlefield 4,2013,Shooter,EA,DICE,PS5,2.5,100.8
Battlefield 4,2013,Shooter,EA,DICE,Xbox One,1.8,72
Battlefield 4,2013,Shooter,EA,DICE,Xbox Series X,1.8,72
Battlefield 4,2013,Shooter,EA,DICE,PC,1.4,57.6
Battlefield 4,2013,Shooter,EA,DICE,Nintendo Switch,0.7,28.8
Battlefield 4,2013,Shooter,EA,DICE,Mobile,0.4,14.4
Call of Duty: Ghosts,2013,Shooter,Activision,Infinity Ward,Multi,8.5,340
Call of Duty: Ghosts,2013,Shooter,Activision,Infinity Ward,PS4,3,119
Call of Duty: Ghosts,2013,Shooter,Activision,Infinity Ward,PS5,3,119
Call of Duty: Ghosts,2013,Shooter,Activision,Infinity Ward,Xbox One,2.1,85
Call of Duty: Ghosts,2013,Shooter,Activision,Infinity Ward,Xbox Series X,2.1,85
Call of Duty: Ghosts,2013,Shooter,Activision,Infinity Ward,PC,1.7,68
Call of Duty: Ghosts,2013,Shooter,Activision,Infinity Ward,Nintendo Switch,0.9,34
Call of Duty: Ghosts,2013,Shooter,Activision,Infinity Ward,Mobile,0.4,17
FIFA 14,2013,Sports,EA,EA Sports,Multi,4.8,192
FIFA 14,2013,Sports,EA,EA Sports,PS4,1.7,67.2
FIFA 14,2013,Sports,EA,EA Sports,PS5,1.7,67.2
FIFA 14,2013,Sports,EA,EA Sports,Xbox One,1.2,48
FIFA 14,2013,Sports,EA,EA Sports,Xbox Series X,1.2,48
FIFA 14,2013,Sports,EA,EA Sports,PC,1,38.4
FIFA 14,2013,Sports,EA,EA Sports,Nintendo Switch,0.5,19.2
FIFA 14,2013,Sports,EA,EA Sports,Mobile,0.2,9.6
Forza Motorsport 5,2013,Racing,Microsoft,Turn 10,Xbox One,2.4,96
Grand Theft Auto V,2013,Action-Adventure,Rockstar Games,Rockstar Games,Multi,34,1360
Grand Theft Auto V,2013,Action-Adventure,Rockstar Games,Rockstar Games,PS4,11.9,476
Grand Theft Auto V,2013,Action-Adventure,Rockstar Games,Rockstar Games,PS5,11.9,476
Grand Theft Auto V,2013,Action-Adventure,Rockstar Games,Rockstar Games,Xbox One,8.5,340
Grand Theft Auto V,2013,Action-Adventure,Rockstar Games,Rockstar Games,Xbox Series X,8.5,340
Grand Theft Auto V,2013,Action-Adventure,Rockstar Games,Rockstar Games,PC,6.8,272
Grand Theft Auto V,2013,Action-Adventure,Rockstar Games,Rockstar Games,Nintendo Switch,3.4,136
Grand Theft Auto V,2013,Action-Adventure,Rockstar Games,Rockstar Games,Mobile,1.7,68
Killzone: Shadow Fall,2013,Shooter,Sony,Guerrilla Games,PS4,2.1,84
Madden NFL 14,2013,Sports,EA,EA Tiburon,Multi,5,200
Madden NFL 14,2013,Sports,EA,EA Tiburon,PS4,1.8,70
Madden NFL 14,2013,Sports,EA,EA Tiburon,PS5,1.8,70
Madden NFL 14,2013,Sports,EA,EA Tiburon,Xbox One,1.2,50
Madden NFL 14,2013,Sports,EA,EA Tiburon,Xbox Series X,1.2,50
Madden NFL 14,2013,Sports,EA,EA Tiburon,PC,1,40
Madden NFL 14,2013,Sports,EA,EA Tiburon,Nintendo Switch,0.5,20
Madden NFL 14,2013,Sports,EA,EA Tiburon,Mobile,0.2,10
NBA 2K14,2013,Sports,2K Sports,Visual Concepts,Multi,5.2,208
NBA 2K14,2013,Sports,2K Sports,Visual Concepts,PS4,1.8,72.8
NBA 2K14,2013,Sports,2K Sports,Visual Concepts,PS5,1.8,72.8
NBA 2K14,2013,Sports,2K Sports,Visual Concepts,Xbox One,1.3,52
NBA 2K14,2013,Sports,2K Sports,Visual Concepts,Xbox Series X,1.3,52
NBA 2K14,2013,Sports,2K Sports,Visual Concepts,PC,1,41.6
NBA 2K14,2013,Sports,2K Sports,Visual Concepts,Nintendo Switch,0.5,20.8
NBA 2K14,2013,Sports,2K Sports,Visual Concepts,Mobile,0.3,10.4
The Last of Us,2013,Action-Adventure,Sony,Naughty Dog,PS3,6.8,272
Call of Duty: Advanced Warfare,2014,Shooter,Activision,Sledgehammer Games,Multi,9.1,364
Call of Duty: Advanced Warfare,2014,Shooter,Activision,Sledgehammer Games,PS4,3.2,127.4
Call of Duty: Advanced Warfare,2014,Shooter,Activision,Sledgehammer Games,PS5,3.2,127.4
Call of Duty: Advanced Warfare,2014,Shooter,Activision,Sledgehammer Games,Xbox One,2.3,91
Call of Duty: Advanced Warfare,2014,Shooter,Activision,Sledgehammer Games,Xbox Series X,2.3,91
Call of Duty: Advanced Warfare,2014,Shooter,Activision,Sledgehammer Games,PC,1.8,72.8
Call of Duty: Advanced Warfare,2014,Shooter,Activision,Sledgehammer Games,Nintendo Switch,0.9,36.4
Call of Duty: Advanced Warfare,2014,Shooter,Activision,Sledgehammer Games,Mobile,0.5,18.2
Destiny,2014,Shooter,Activision,Bungie,Multi,6.3,252
Destiny,2014,Shooter,Activision,Bungie,PS4,2.2,88.2
Destiny,2014,Shooter,Activision,Bungie,PS5,2.2,88.2
Destiny,2014,Shooter,Activision,Bungie,Xbox One,1.6,63
Destiny,2014,Shooter,Activision,Bungie,Xbox Series X,1.6,63
Destiny,2014,Shooter,Activision,Bungie,PC,1.3,50.4
Destiny,2014,Shooter,Activision,Bungie,Nintendo Switch,0.6,25.2
Destiny,2014,Shooter,Activision,Bungie,Mobile,0.3,12.6
Dragonball Xenoverse,2014,Fighting,Bandai Namco,Dimps,Multi,2.8,112
Dragonball Xenoverse,2014,Fighting,Bandai Namco,Dimps,PS4,1,39.2
Dragonball Xenoverse,2014,Fighting,Bandai Namco,Dimps,PS5,1,39.2
Dragonball Xenoverse,2014,Fighting,Bandai Namco,Dimps,Xbox One,0.7,28
Dragonball Xenoverse,2014,Fighting,Bandai Namco,Dimps,Xbox Series X,0.7,28
Dragonball Xenoverse,2014,Fighting,Bandai Namco,Dimps,PC,0.6,22.4
Dragonball Xenoverse,2014,Fighting,Bandai Namco,Dimps,Nintendo Switch,0.3,11.2
Dragonball Xenoverse,2014,Fighting,Bandai Namco,Dimps,Mobile,0.1,5.6
FIFA 15,2014,Sports,EA,EA Sports,Multi,6.5,260
FIFA 15,2014,Sports,EA,EA Sports,PS4,2.3,91
FIFA 15,2014,Sports,EA,EA Sports,PS5,2.3,91
FIFA 15,2014,Sports,EA,EA Sports,Xbox One,1.6,65
FIFA 15,2014,Sports,EA,EA Sports,Xbox Series X,1.6,65
FIFA 15,2014,Sports,EA,EA Sports,PC,1.3,52
FIFA 15,2014,Sports,EA,EA Sports,Nintendo Switch,0.7,26
FIFA 15,2014,Sports,EA,EA Sports,Mobile,0.3,13
Far Cry 4,2014,Action-Adventure,Ubisoft,Ubisoft,Multi,3.5,140
Far Cry 4,2014,Action-Adventure,Ubisoft,Ubisoft,PS4,1.2,49
Far Cry 4,2014,Action-Adventure,Ubisoft,Ubisoft,PS5,1.2,49
Far Cry 4,2014,Action-Adventure,Ubisoft,Ubisoft,Xbox One,0.9,35
Far Cry 4,2014,Action-Adventure,Ubisoft,Ubisoft,Xbox Series X,0.9,35
Far Cry 4,2014,Action-Adventure,Ubisoft,Ubisoft,PC,0.7,28
Far Cry 4,2014,Action-Adventure,Ubisoft,Ubisoft,Nintendo Switch,0.4,14
Far Cry 4,2014,Action-Adventure,Ubisoft,Ubisoft,Mobile,0.2,7
Madden NFL 15,2014,Sports,EA,EA Tiburon,Multi,6.2,248
Madden NFL 15,2014,Sports,EA,EA Tiburon,PS4,2.2,86.8
Madden NFL 15,2014,Sports,EA,EA Tiburon,PS5,2.2,86.8
Madden NFL 15,2014,Sports,EA,EA Tiburon,Xbox One,1.6,62
Madden NFL 15,2014,Sports,EA,EA Tiburon,Xbox Series X,1.6,62
Madden NFL 15,2014,Sports,EA,EA Tiburon,PC,1.2,49.6
Madden NFL 15,2014,Sports,EA,EA Tiburon,Nintendo Switch,0.6,24.8
Madden NFL 15,2014,Sports,EA,EA Tiburon,Mobile,0.3,12.4
Minecraft,2014,Sandbox,Microsoft,Mojang,Multi,12,480
Minecraft,2014,Sandbox,Microsoft,Mojang,PS4,4.2,168
Minecraft,2014,Sandbox,Microsoft,Mojang,PS5,4.2,168
Minecraft,2014,Sandbox,Microsoft,Mojang,Xbox One,3,120
Minecraft,2014,Sandbox,Microsoft,Mojang,Xbox Series X,3,120
Minecraft,2014,Sandbox,Microsoft,Mojang,PC,2.4,96
Minecraft,2014,Sandbox,Microsoft,Mojang,Nintendo Switch,1.2,48
Minecraft,2014,Sandbox,Microsoft,Mojang,Mobile,0.6,24
NBA 2K15,2014,Sports,2K Sports,Visual Concepts,Multi,5.8,232
NBA 2K15,2014,Sports,2K Sports,Visual Concepts,PS4,2,81.2
NBA 2K15,2014,Sports,2K Sports,Visual Concepts,PS5,2,81.2
NBA 2K15,2014,Sports,2K Sports,Visual Concepts,Xbox One,1.4,58
NBA 2K15,2014,Sports,2K Sports,Visual Concepts,Xbox Series X,1.4,58
NBA 2K15,2014,Sports,2K Sports,Visual Concepts,PC,1.2,46.4
NBA 2K15,2014,Sports,2K Sports,Visual Concepts,Nintendo Switch,0.6,23.2
NBA 2K15,2014,Sports,2K Sports,Visual Concepts,Mobile,0.3,11.6
Titanfall,2014,Shooter,EA,Respawn Entertainment,Multi,7,280
Titanfall,2014,Shooter,EA,Respawn Entertainment,PS4,2.4,98
Titanfall,2014,Shooter,EA,Respawn Entertainment,PS5,2.4,98
Titanfall,2014,Shooter,EA,Respawn Entertainment,Xbox One,1.8,70
Titanfall,2014,Shooter,EA,Respawn Entertainment,Xbox Series X,1.8,70
Titanfall,2014,Shooter,EA,Respawn Entertainment,PC,1.4,56
Titanfall,2014,Shooter,EA,Respawn Entertainment,Nintendo Switch,0.7,28
Titanfall,2014,Shooter,EA,Respawn Entertainment,Mobile,0.4,14
Watch Dogs,2014,Action-Adventure,Ubisoft,Ubisoft,Multi,4,160
Watch Dogs,2014,Action-Adventure,Ubisoft,Ubisoft,PS4,1.4,56
Watch Dogs,2014,Action-Adventure,Ubisoft,Ubisoft,PS5,1.4,56
Watch Dogs,2014,Action-Adventure,Ubisoft,Ubisoft,Xbox One,1,40
Watch Dogs,2014,Action-Adventure,Ubisoft,Ubisoft,Xbox Series X,1,40
Watch Dogs,2014,Action-Adventure,Ubisoft,Ubisoft,PC,0.8,32
Watch Dogs,2014,Action-Adventure,Ubisoft,Ubisoft,Nintendo Switch,0.4,16
Watch Dogs,2014,Action-Adventure,Ubisoft,Ubisoft,Mobile,0.2,8
Call of Duty: Black Ops III,2015,Shooter,Activision,Treyarch,Multi,10.5,420
Call of Duty: Black Ops III,2015,Shooter,Activision,Treyarch,PS4,3.7,147
Call of Duty: Black Ops III,2015,Shooter,Activision,Treyarch,PS5,3.7,147
Call of Duty: Black Ops III,2015,Shooter,Activision,Treyarch,Xbox One,2.6,105
Call of Duty: Black Ops III,2015,Shooter,Activision,Treyarch,Xbox Series X,2.6,105
Call of Duty: Black Ops III,2015,Shooter,Activision,Treyarch,PC,2.1,84
Call of Duty: Black Ops III,2015,Shooter,Activision,Treyarch,Nintendo Switch,1.1,42
Call of Duty: Black Ops III,2015,Shooter,Activision,Treyarch,Mobile,0.5,21
Call of Duty: Black Ops III,2015,Shooter,Activision,Treyarch,PS4,6.3,252
Call of Duty: Black Ops III,2015,Shooter,Activision,Treyarch,Xbox One,5.25,210
Call of Duty: Black Ops III,2015,Shooter,Activision,Treyarch,PC,4.2,168
FIFA 16,2015,Sports,EA,EA Sports,Multi,6.8,272
FIFA 16,2015,Sports,EA,EA Sports,PS4,2.4,95.2
FIFA 16,2015,Sports,EA,EA Sports,PS5,2.4,95.2
FIFA 16,2015,Sports,EA,EA Sports,Xbox One,1.7,68
FIFA 16,2015,Sports,EA,EA Sports,Xbox Series X,1.7,68
FIFA 16,2015,Sports,EA,EA Sports,PC,1.4,54.4
FIFA 16,2015,Sports,EA,EA Sports,Nintendo Switch,0.7,27.2
FIFA 16,2015,Sports,EA,EA Sports,Mobile,0.3,13.6
FIFA 16,2015,Sports,EA,EA Sports,PS4,4.08,163.2
FIFA 16,2015,Sports,EA,EA Sports,Xbox One,3.4,136
Fallout 4,2015,RPG,Bethesda,Bethesda Game Studios,Multi,8.5,340
Fallout 4,2015,RPG,Bethesda,Bethesda Game Studios,PS4,3,119
Fallout 4,2015,RPG,Bethesda,Bethesda Game Studios,PS5,3,119
Fallout 4,2015,RPG,Bethesda,Bethesda Game Studios,Xbox One,2.1,85
Fallout 4,2015,RPG,Bethesda,Bethesda Game Studios,Xbox Series X,2.1,85
Fallout 4,2015,RPG,Bethesda,Bethesda Game Studios,PC,1.7,68
Fallout 4,2015,RPG,Bethesda,Bethesda Game Studios,Nintendo Switch,0.9,34
Fallout 4,2015,RPG,Bethesda,Bethesda Game Studios,Mobile,0.4,17
Madden NFL 16,2015,Sports,EA,EA Tiburon,Multi,5.9,236
Madden NFL 16,2015,Sports,EA,EA Tiburon,PS4,2.1,82.6
Madden NFL 16,2015,Sports,EA,EA Tiburon,PS5,2.1,82.6
Madden NFL 16,2015,Sports,EA,EA Tiburon,Xbox One,1.5,59
Madden NFL 16,2015,Sports,EA,EA Tiburon,Xbox Series X,1.5,59
Madden NFL 16,2015,Sports,EA,EA Tiburon,PC,1.2,47.2
Madden NFL 16,2015,Sports,EA,EA Tiburon,Nintendo Switch,0.6,23.6
Madden NFL 16,2015,Sports,EA,EA Tiburon,Mobile,0.3,11.8
Madden NFL 16,2015,Sports,EA,EA Tiburon,PS4,3.54,141.6
Madden NFL 16,2015,Sports,EA,EA Tiburon,Xbox One,2.95,118
Metal Gear Solid V,2015,Action-Adventure,Konami,Kojima Productions,Multi,3.1,124
Metal Gear Solid V,2015,Action-Adventure,Konami,Kojima Productions,PS4,1.1,43.4
Metal Gear Solid V,2015,Action-Adventure,Konami,Kojima Productions,PS5,1.1,43.4
Metal Gear Solid V,2015,Action-Adventure,Konami,Kojima Productions,Xbox One,0.8,31
Metal Gear Solid V,2015,Action-Adventure,Konami,Kojima Productions,Xbox Series X,0.8,31
Metal Gear Solid V,2015,Action-Adventure,Konami,Kojima Productions,PC,0.6,24.8
Metal Gear Solid V,2015,Action-Adventure,Konami,Kojima Productions,Nintendo Switch,0.3,12.4
Metal Gear Solid V,2015,Action-Adventure,Konami,Kojima Productions,Mobile,0.2,6.2
Mortal Kombat X,2015,Fighting,WB Games,NetherRealm,Multi,3.2,128
Mortal Kombat X,2015,Fighting,WB Games,NetherRealm,PS4,1.1,44.8
Mortal Kombat X,2015,Fighting,WB Games,NetherRealm,PS5,1.1,44.8
Mortal Kombat X,2015,Fighting,WB Games,NetherRealm,Xbox One,0.8,32
Mortal Kombat X,2015,Fighting,WB Games,NetherRealm,Xbox Series X,0.8,32
Mortal Kombat X,2015,Fighting,WB Games,NetherRealm,PC,0.6,25.6
Mortal Kombat X,2015,Fighting,WB Games,NetherRealm,Nintendo Switch,0.3,12.8
Mortal Kombat X,2015,Fighting,WB Games,NetherRealm,Mobile,0.2,6.4
NBA 2K16,2015,Sports,2K Sports,Visual Concepts,Multi,5.5,220
NBA 2K16,2015,Sports,2K Sports,Visual Concepts,PS4,1.9,77
NBA 2K16,2015,Sports,2K Sports,Visual Concepts,PS5,1.9,77
NBA 2K16,2015,Sports,2K Sports,Visual Concepts,Xbox One,1.4,55
NBA 2K16,2015,Sports,2K Sports,Visual Concepts,Xbox Series X,1.4,55
NBA 2K16,2015,Sports,2K Sports,Visual Concepts,PC,1.1,44
NBA 2K16,2015,Sports,2K Sports,Visual Concepts,Nintendo Switch,0.6,22
NBA 2K16,2015,Sports,2K Sports,Visual Concepts,Mobile,0.3,11
NBA 2K16,2015,Sports,2K Sports,Visual Concepts,PS4,3.3,132
NBA 2K16,2015,Sports,2K Sports,Visual Concepts,Xbox One,2.75,110
Rainbow Six Siege,2015,Shooter,Ubisoft,Ubisoft,Multi,8.5,340
Rainbow Six Siege,2015,Shooter,Ubisoft,Ubisoft,PS4,3,119
Rainbow Six Siege,2015,Shooter,Ubisoft,Ubisoft,PS5,3,119
Rainbow Six Siege,2015,Shooter,Ubisoft,Ubisoft,Xbox One,2.1,85
Rainbow Six Siege,2015,Shooter,Ubisoft,Ubisoft,Xbox Series X,2.1,85
Rainbow Six Siege,2015,Shooter,Ubisoft,Ubisoft,PC,1.7,68
Rainbow Six Siege,2015,Shooter,Ubisoft,Ubisoft,Nintendo Switch,0.9,34
Rainbow Six Siege,2015,Shooter,Ubisoft,Ubisoft,Mobile,0.4,17
Rainbow Six Siege,2015,Shooter,Ubisoft,Ubisoft,PS4,5.1,204
Rainbow Six Siege,2015,Shooter,Ubisoft,Ubisoft,Xbox One,4.25,170
Rainbow Six Siege,2015,Shooter,Ubisoft,Ubisoft,PC,3.4,136
Star Wars Battlefront,2015,Shooter,EA,DICE,Multi,7,280
Star Wars Battlefront,2015,Shooter,EA,DICE,PS4,2.4,98
Star Wars Battlefront,2015,Shooter,EA,DICE,PS5,2.4,98
Star Wars Battlefront,2015,Shooter,EA,DICE,Xbox One,1.8,70
Star Wars Battlefront,2015,Shooter,EA,DICE,Xbox Series X,1.8,70
Star Wars Battlefront,2015,Shooter,EA,DICE,PC,1.4,56
Star Wars Battlefront,2015,Shooter,EA,DICE,Nintendo Switch,0.7,28
Star Wars Battlefront,2015,Shooter,EA,DICE,Mobile,0.4,14
Star Wars Battlefront,2015,Shooter,EA,DICE,PS4,4.2,168
Star Wars Battlefront,2015,Shooter,EA,DICE,Xbox One,3.5,140
Star Wars Battlefront,2015,Shooter,EA,DICE,PC,2.8,112
The Witcher 3: Wild Hunt,2015,RPG,CD Projekt,CD Projekt Red,Multi,8,320
The Witcher 3: Wild Hunt,2015,RPG,CD Projekt,CD Projekt Red,PS4,2.8,112
The Witcher 3: Wild Hunt,2015,RPG,CD Projekt,CD Projekt Red,PS5,2.8,112
The Witcher 3: Wild Hunt,2015,RPG,CD Projekt,CD Projekt Red,Xbox One,2,80
The Witcher 3: Wild Hunt,2015,RPG,CD Projekt,CD Projekt Red,Xbox Series X,2,80
The Witcher 3: Wild Hunt,2015,RPG,CD Projekt,CD Projekt Red,PC,1.6,64
The Witcher 3: Wild Hunt,2015,RPG,CD Projekt,CD Projekt Red,Nintendo Switch,0.8,32
The Witcher 3: Wild Hunt,2015,RPG,CD Projekt,CD Projekt Red,Mobile,0.4,16
Tomb Raider,2015,Action-Adventure,Square Enix,Eidos,Multi,3.9,156
Tomb Raider,2015,Action-Adventure,Square Enix,Eidos,PS4,1.4,54.6
Tomb Raider,2015,Action-Adventure,Square Enix,Eidos,PS5,1.4,54.6
Tomb Raider,2015,Action-Adventure,Square Enix,Eidos,Xbox One,1,39
Tomb Raider,2015,Action-Adventure,Square Enix,Eidos,Xbox Series X,1,39
Tomb Raider,2015,Action-Adventure,Square Enix,Eidos,PC,0.8,31.2
Tomb Raider,2015,Action-Adventure,Square Enix,Eidos,Nintendo Switch,0.4,15.6
Tomb Raider,2015,Action-Adventure,Square Enix,Eidos,Mobile,0.2,7.8
Tomb Raider,2015,Action-Adventure,Square Enix,Eidos,PS4,2.34,93.6
Tomb Raider,2015,Action-Adventure,Square Enix,Eidos,Xbox One,1.95,78
Tomb Raider,2015,Action-Adventure,Square Enix,Eidos,PC,1.56,62.4
Battlefield 1,2016,Shooter,EA,DICE,Multi,7.3,292
Battlefield 1,2016,Shooter,EA,DICE,PS4,2.6,102.2
Battlefield 1,2016,Shooter,EA,DICE,PS5,2.6,102.2
Battlefield 1,2016,Shooter,EA,DICE,Xbox One,1.8,73
Battlefield 1,2016,Shooter,EA,DICE,Xbox Series X,1.8,73
Battlefield 1,2016,Shooter,EA,DICE,PC,1.5,58.4
Battlefield 1,2016,Shooter,EA,DICE,Nintendo Switch,0.7,29.2
Battlefield 1,2016,Shooter,EA,DICE,Mobile,0.4,14.6
Battlefield 1,2016,Shooter,EA,DICE,PS4,4.38,175.2
Battlefield 1,2016,Shooter,EA,DICE,Xbox One,3.65,146
Battlefield 1,2016,Shooter,EA,DICE,PC,2.92,116.8
Call of Duty: Infinite Warfare,2016,Shooter,Activision,Infinity Ward,Multi,9.8,392
Call of Duty: Infinite Warfare,2016,Shooter,Activision,Infinity Ward,PS4,3.4,137.2
Call of Duty: Infinite Warfare,2016,Shooter,Activision,Infinity Ward,PS5,3.4,137.2
Call of Duty: Infinite Warfare,2016,Shooter,Activision,Infinity Ward,Xbox One,2.5,98
Call of Duty: Infinite Warfare,2016,Shooter,Activision,Infinity Ward,Xbox Series X,2.5,98
Call of Duty: Infinite Warfare,2016,Shooter,Activision,Infinity Ward,PC,2,78.4
Call of Duty: Infinite Warfare,2016,Shooter,Activision,Infinity Ward,Nintendo Switch,1,39.2
Call of Duty: Infinite Warfare,2016,Shooter,Activision,Infinity Ward,Mobile,0.5,19.6
Call of Duty: Infinite Warfare,2016,Shooter,Activision,Infinity Ward,PS4,5.88,235.2
Call of Duty: Infinite Warfare,2016,Shooter,Activision,Infinity Ward,Xbox One,4.9,196
Call of Duty: Infinite Warfare,2016,Shooter,Activision,Infinity Ward,PC,3.92,156.8
Dark Souls III,2016,RPG,Bandai Namco,FromSoftware,Multi,2.9,116
Dark Souls III,2016,RPG,Bandai Namco,FromSoftware,PS4,1,40.6
Dark Souls III,2016,RPG,Bandai Namco,FromSoftware,PS5,1,40.6
Dark Souls III,2016,RPG,Bandai Namco,FromSoftware,Xbox One,0.7,29
Dark Souls III,2016,RPG,Bandai Namco,FromSoftware,Xbox Series X,0.7,29
Dark Souls III,2016,RPG,Bandai Namco,FromSoftware,PC,0.6,23.2
Dark Souls III,2016,RPG,Bandai Namco,FromSoftware,Nintendo Switch,0.3,11.6
Dark Souls III,2016,RPG,Bandai Namco,FromSoftware,Mobile,0.1,5.8
Dead Rising 4,2016,Action-Adventure,Capcom,Capcom,Multi,1.2,48
Dead Rising 4,2016,Action-Adventure,Capcom,Capcom,PS4,0.4,16.8
Dead Rising 4,2016,Action-Adventure,Capcom,Capcom,PS5,0.4,16.8
Dead Rising 4,2016,Action-Adventure,Capcom,Capcom,Xbox One,0.3,12
Dead Rising 4,2016,Action-Adventure,Capcom,Capcom,Xbox Series X,0.3,12
Dead Rising 4,2016,Action-Adventure,Capcom,Capcom,PC,0.2,9.6
Dead Rising 4,2016,Action-Adventure,Capcom,Capcom,Nintendo Switch,0.1,4.8
Dead Rising 4,2016,Action-Adventure,Capcom,Capcom,Mobile,0.1,2.4
FIFA 17,2016,Sports,EA,EA Sports,Multi,7.1,284
FIFA 17,2016,Sports,EA,EA Sports,PS4,2.5,99.4
FIFA 17,2016,Sports,EA,EA Sports,PS5,2.5,99.4
FIFA 17,2016,Sports,EA,EA Sports,Xbox One,1.8,71
FIFA 17,2016,Sports,EA,EA Sports,Xbox Series X,1.8,71
FIFA 17,2016,Sports,EA,EA Sports,PC,1.4,56.8
FIFA 17,2016,Sports,EA,EA Sports,Nintendo Switch,0.7,28.4
FIFA 17,2016,Sports,EA,EA Sports,Mobile,0.4,14.2
FIFA 17,2016,Sports,EA,EA Sports,PS4,4.26,170.4
FIFA 17,2016,Sports,EA,EA Sports,Xbox One,3.55,142
Madden NFL 17,2016,Sports,EA,EA Tiburon,Multi,6.4,256
Madden NFL 17,2016,Sports,EA,EA Tiburon,PS4,2.2,89.6
Madden NFL 17,2016,Sports,EA,EA Tiburon,PS5,2.2,89.6
Madden NFL 17,2016,Sports,EA,EA Tiburon,Xbox One,1.6,64
Madden NFL 17,2016,Sports,EA,EA Tiburon,Xbox Series X,1.6,64
Madden NFL 17,2016,Sports,EA,EA Tiburon,PC,1.3,51.2
Madden NFL 17,2016,Sports,EA,EA Tiburon,Nintendo Switch,0.6,25.6
Madden NFL 17,2016,Sports,EA,EA Tiburon,Mobile,0.3,12.8
Madden NFL 17,2016,Sports,EA,EA Tiburon,PS4,3.84,153.6
Madden NFL 17,2016,Sports,EA,EA Tiburon,Xbox One,3.2,128
NBA 2K17,2016,Sports,2K Sports,Visual Concepts,Multi,5.6,224
NBA 2K17,2016,Sports,2K Sports,Visual Concepts,PS4,2,78.4
NBA 2K17,2016,Sports,2K Sports,Visual Concepts,PS5,2,78.4
NBA 2K17,2016,Sports,2K Sports,Visual Concepts,Xbox One,1.4,56
NBA 2K17,2016,Sports,2K Sports,Visual Concepts,Xbox Series X,1.4,56
NBA 2K17,2016,Sports,2K Sports,Visual Concepts,PC,1.1,44.8
NBA 2K17,2016,Sports,2K Sports,Visual Concepts,Nintendo Switch,0.6,22.4
NBA 2K17,2016,Sports,2K Sports,Visual Concepts,Mobile,0.3,11.2
NBA 2K17,2016,Sports,2K Sports,Visual Concepts,PS4,3.36,134.4
NBA 2K17,2016,Sports,2K Sports,Visual Concepts,Xbox One,2.8,112
Overwatch,2016,Shooter,Blizzard,Blizzard,Multi,4.8,192
Overwatch,2016,Shooter,Blizzard,Blizzard,PS4,1.7,67.2
Overwatch,2016,Shooter,Blizzard,Blizzard,PS5,1.7,67.2
Overwatch,2016,Shooter,Blizzard,Blizzard,Xbox One,1.2,48
Overwatch,2016,Shooter,Blizzard,Blizzard,Xbox Series X,1.2,48
Overwatch,2016,Shooter,Blizzard,Blizzard,PC,1,38.4
Overwatch,2016,Shooter,Blizzard,Blizzard,Nintendo Switch,0.5,19.2
Overwatch,2016,Shooter,Blizzard,Blizzard,Mobile,0.2,9.6
Pok√©mon Sun & Moon,2016,RPG,Nintendo,Game Freak,3DS,4.2,168
Street Fighter 5,2016,Fighting,Capcom,Capcom,Multi,2.3,92
Street Fighter 5,2016,Fighting,Capcom,Capcom,PS4,0.8,32.2
Street Fighter 5,2016,Fighting,Capcom,Capcom,PS5,0.8,32.2
Street Fighter 5,2016,Fighting,Capcom,Capcom,Xbox One,0.6,23
Street Fighter 5,2016,Fighting,Capcom,Capcom,Xbox Series X,0.6,23
Street Fighter 5,2016,Fighting,Capcom,Capcom,PC,0.5,18.4
Street Fighter 5,2016,Fighting,Capcom,Capcom,Nintendo Switch,0.2,9.2
Street Fighter 5,2016,Fighting,Capcom,Capcom,Mobile,0.1,4.6
The Division,2016,Shooter,Ubisoft,Ubisoft,Multi,2.5,100
The Division,2016,Shooter,Ubisoft,Ubisoft,PS4,0.9,35
The Division,2016,Shooter,Ubisoft,Ubisoft,PS5,0.9,35
The Division,2016,Shooter,Ubisoft,Ubisoft,Xbox One,0.6,25
The Division,2016,Shooter,Ubisoft,Ubisoft,Xbox Series X,0.6,25
The Division,2016,Shooter,Ubisoft,Ubisoft,PC,0.5,20
The Division,2016,Shooter,Ubisoft,Ubisoft,Nintendo Switch,0.2,10
The Division,2016,Shooter,Ubisoft,Ubisoft,Mobile,0.1,5
The Division,2016,Shooter,Ubisoft,Ubisoft,PS4,1.5,60
The Division,2016,Shooter,Ubisoft,Ubisoft,Xbox One,1.25,50
The Division,2016,Shooter,Ubisoft,Ubisoft,PC,1,40
The Legend of Zelda: Twilight Princess,2016,Action-Adventure,Nintendo,Nintendo,Wii U,1.8,72
Uncharted 4,2016,Action-Adventure,Sony,Naughty Dog,PS4,6.5,260
Assassin's Creed Origins,2017,Action-Adventure,Ubisoft,Ubisoft,Multi,3.5,140
Assassin's Creed Origins,2017,Action-Adventure,Ubisoft,Ubisoft,PS4,1.2,49
Assassin's Creed Origins,2017,Action-Adventure,Ubisoft,Ubisoft,PS5,1.2,49
Assassin's Creed Origins,2017,Action-Adventure,Ubisoft,Ubisoft,Xbox One,0.9,35
Assassin's Creed Origins,2017,Action-Adventure,Ubisoft,Ubisoft,Xbox Series X,0.9,35
Assassin's Creed Origins,2017,Action-Adventure,Ubisoft,Ubisoft,PC,0.7,28
Assassin's Creed Origins,2017,Action-Adventure,Ubisoft,Ubisoft,Nintendo Switch,0.4,14
Assassin's Creed Origins,2017,Action-Adventure,Ubisoft,Ubisoft,Mobile,0.2,7
Assassin's Creed Origins,2017,Action-Adventure,Ubisoft,Ubisoft,PS4,2.1,84
Assassin's Creed Origins,2017,Action-Adventure,Ubisoft,Ubisoft,Xbox One,1.75,70
Assassin's Creed Origins,2017,Action-Adventure,Ubisoft,Ubisoft,PC,1.4,56
Call of Duty: WWII,2017,Shooter,Activision,Sledgehammer Games,Multi,10.2,408
Call of Duty: WWII,2017,Shooter,Activision,Sledgehammer Games,PS4,3.6,142.8
Call of Duty: WWII,2017,Shooter,Activision,Sledgehammer Games,PS5,3.6,142.8
Call of Duty: WWII,2017,Shooter,Activision,Sledgehammer Games,Xbox One,2.5,102
Call of Duty: WWII,2017,Shooter,Activision,Sledgehammer Games,Xbox Series X,2.5,102
Call of Duty: WWII,2017,Shooter,Activision,Sledgehammer Games,PC,2,81.6
Call of Duty: WWII,2017,Shooter,Activision,Sledgehammer Games,Nintendo Switch,1,40.8
Call of Duty: WWII,2017,Shooter,Activision,Sledgehammer Games,Mobile,0.5,20.4
Call of Duty: WWII,2017,Shooter,Activision,Sledgehammer Games,PS4,6.12,244.8
Call of Duty: WWII,2017,Shooter,Activision,Sledgehammer Games,Xbox One,5.1,204
Call of Duty: WWII,2017,Shooter,Activision,Sledgehammer Games,PC,4.08,163.2
Destiny 2,2017,Shooter,Activision,Bungie,Multi,6.3,252
Destiny 2,2017,Shooter,Activision,Bungie,PS4,2.2,88.2
Destiny 2,2017,Shooter,Activision,Bungie,PS5,2.2,88.2
Destiny 2,2017,Shooter,Activision,Bungie,Xbox One,1.6,63
Destiny 2,2017,Shooter,Activision,Bungie,Xbox Series X,1.6,63
Destiny 2,2017,Shooter,Activision,Bungie,PC,1.3,50.4
Destiny 2,2017,Shooter,Activision,Bungie,Nintendo Switch,0.6,25.2
Destiny 2,2017,Shooter,Activision,Bungie,Mobile,0.3,12.6
Destiny 2,2017,Shooter,Activision,Bungie,PS4,3.78,151.2
Destiny 2,2017,Shooter,Activision,Bungie,Xbox One,3.15,126
Destiny 2,2017,Shooter,Activision,Bungie,PC,2.52,100.8
Dragon Quest XI,2017,RPG,Square Enix,Dragon Quest,Multi,3.5,140
Dragon Quest XI,2017,RPG,Square Enix,Dragon Quest,PS4,1.2,49
Dragon Quest XI,2017,RPG,Square Enix,Dragon Quest,PS5,1.2,49
Dragon Quest XI,2017,RPG,Square Enix,Dragon Quest,Xbox One,0.9,35
Dragon Quest XI,2017,RPG,Square Enix,Dragon Quest,Xbox Series X,0.9,35
Dragon Quest XI,2017,RPG,Square Enix,Dragon Quest,PC,0.7,28
Dragon Quest XI,2017,RPG,Square Enix,Dragon Quest,Nintendo Switch,0.4,14
Dragon Quest XI,2017,RPG,Square Enix,Dragon Quest,Mobile,0.2,7
Dragon Quest XI,2017,RPG,Square Enix,Dragon Quest,PS4,2.1,84
Dragon Quest XI,2017,RPG,Square Enix,Dragon Quest,Xbox One,1.75,70
Dragon Quest XI,2017,RPG,Square Enix,Dragon Quest,PC,1.4,56
FIFA 18,2017,Sports,EA,EA Sports,Multi,7.5,300
FIFA 18,2017,Sports,EA,EA Sports,PS4,2.6,105
FIFA 18,2017,Sports,EA,EA Sports,PS5,2.6,105
FIFA 18,2017,Sports,EA,EA Sports,Xbox One,1.9,75
FIFA 18,2017,Sports,EA,EA Sports,Xbox Series X,1.9,75
FIFA 18,2017,Sports,EA,EA Sports,PC,1.5,60
FIFA 18,2017,Sports,EA,EA Sports,Nintendo Switch,0.8,30
FIFA 18,2017,Sports,EA,EA Sports,Mobile,0.4,15
FIFA 18,2017,Sports,EA,EA Sports,PS4,4.5,180
FIFA 18,2017,Sports,EA,EA Sports,Xbox One,3.75,150
Madden NFL 18,2017,Sports,EA,EA Tiburon,Multi,6.8,272
Madden NFL 18,2017,Sports,EA,EA Tiburon,PS4,2.4,95.2
Madden NFL 18,2017,Sports,EA,EA Tiburon,PS5,2.4,95.2
Madden NFL 18,2017,Sports,EA,EA Tiburon,Xbox One,1.7,68
Madden NFL 18,2017,Sports,EA,EA Tiburon,Xbox Series X,1.7,68
Madden NFL 18,2017,Sports,EA,EA Tiburon,PC,1.4,54.4
Madden NFL 18,2017,Sports,EA,EA Tiburon,Nintendo Switch,0.7,27.2
Madden NFL 18,2017,Sports,EA,EA Tiburon,Mobile,0.3,13.6
Madden NFL 18,2017,Sports,EA,EA Tiburon,PS4,4.08,163.2
Madden NFL 18,2017,Sports,EA,EA Tiburon,Xbox One,3.4,136
NBA 2K18,2017,Sports,2K Sports,Visual Concepts,Multi,5.9,236
NBA 2K18,2017,Sports,2K Sports,Visual Concepts,PS4,2.1,82.6
NBA 2K18,2017,Sports,2K Sports,Visual Concepts,PS5,2.1,82.6
NBA 2K18,2017,Sports,2K Sports,Visual Concepts,Xbox One,1.5,59
NBA 2K18,2017,Sports,2K Sports,Visual Concepts,Xbox Series X,1.5,59
NBA 2K18,2017,Sports,2K Sports,Visual Concepts,PC,1.2,47.2
NBA 2K18,2017,Sports,2K Sports,Visual Concepts,Nintendo Switch,0.6,23.6
NBA 2K18,2017,Sports,2K Sports,Visual Concepts,Mobile,0.3,11.8
NBA 2K18,2017,Sports,2K Sports,Visual Concepts,PS4,3.54,141.6
NBA 2K18,2017,Sports,2K Sports,Visual Concepts,Xbox One,2.95,118
Nier: Automata,2017,Action-RPG,Square Enix,PlatinumGames,Multi,2.5,100
Nier: Automata,2017,Action-RPG,Square Enix,PlatinumGames,PS4,0.9,35
Nier: Automata,2017,Action-RPG,Square Enix,PlatinumGames,PS5,0.9,35
Nier: Automata,2017,Action-RPG,Square Enix,PlatinumGames,Xbox One,0.6,25
Nier: Automata,2017,Action-RPG,Square Enix,PlatinumGames,Xbox Series X,0.6,25
Nier: Automata,2017,Action-RPG,Square Enix,PlatinumGames,PC,0.5,20
Nier: Automata,2017,Action-RPG,Square Enix,PlatinumGames,Nintendo Switch,0.2,10
Nier: Automata,2017,Action-RPG,Square Enix,PlatinumGames,Mobile,0.1,5
Nier: Automata,2017,Action-RPG,Square Enix,PlatinumGames,PS4,1.5,60
Nier: Automata,2017,Action-RPG,Square Enix,PlatinumGames,Xbox One,1.25,50
Nier: Automata,2017,Action-RPG,Square Enix,PlatinumGames,PC,1,40
Persona 5,2017,RPG,Atlus,Atlus,PS4,2.8,112
PlayerUnknown's Battlegrounds,2017,Battle Royale,PUBG Corp,Bluehole,PC/Console,15,600
Super Mario Odyssey,2017,Platformer,Nintendo,Nintendo,Switch,4.5,180
The Legend of Zelda: Breath of the Wild,2017,Action-Adventure,Nintendo,Nintendo,Switch,8.5,340
Assassin's Creed Odyssey,2018,Action-Adventure,Ubisoft,Ubisoft,Multi,3.9,156
Assassin's Creed Odyssey,2018,Action-Adventure,Ubisoft,Ubisoft,PS4,1.4,54.6
Assassin's Creed Odyssey,2018,Action-Adventure,Ubisoft,Ubisoft,PS5,1.4,54.6
Assassin's Creed Odyssey,2018,Action-Adventure,Ubisoft,Ubisoft,Xbox One,1,39
Assassin's Creed Odyssey,2018,Action-Adventure,Ubisoft,Ubisoft,Xbox Series X,1,39
Assassin's Creed Odyssey,2018,Action-Adventure,Ubisoft,Ubisoft,PC,0.8,31.2
Assassin's Creed Odyssey,2018,Action-Adventure,Ubisoft,Ubisoft,Nintendo Switch,0.4,15.6
Assassin's Creed Odyssey,2018,Action-Adventure,Ubisoft,Ubisoft,Mobile,0.2,7.8
Assassin's Creed Odyssey,2018,Action-Adventure,Ubisoft,Ubisoft,PS4,2.34,93.6
Assassin's Creed Odyssey,2018,Action-Adventure,Ubisoft,Ubisoft,Xbox One,1.95,78
Assassin's Creed Odyssey,2018,Action-Adventure,Ubisoft,Ubisoft,PC,1.56,62.4
Call of Duty: Black Ops 4,2018,Shooter,Activision,Treyarch,Multi,9.5,380
Call of Duty: Black Ops 4,2018,Shooter,Activision,Treyarch,PS4,3.3,133
Call of Duty: Black Ops 4,2018,Shooter,Activision,Treyarch,PS5,3.3,133
Call of Duty: Black Ops 4,2018,Shooter,Activision,Treyarch,Xbox One,2.4,95
Call of Duty: Black Ops 4,2018,Shooter,Activision,Treyarch,Xbox Series X,2.4,95
Call of Duty: Black Ops 4,2018,Shooter,Activision,Treyarch,PC,1.9,76
Call of Duty: Black Ops 4,2018,Shooter,Activision,Treyarch,Nintendo Switch,1,38
Call of Duty: Black Ops 4,2018,Shooter,Activision,Treyarch,Mobile,0.5,19
Call of Duty: Black Ops 4,2018,Shooter,Activision,Treyarch,PS4,5.7,228
Call of Duty: Black Ops 4,2018,Shooter,Activision,Treyarch,Xbox One,4.75,190
Call of Duty: Black Ops 4,2018,Shooter,Activision,Treyarch,PC,3.8,152
FIFA 19,2018,Sports,EA,EA Sports,Multi,7.8,312
FIFA 19,2018,Sports,EA,EA Sports,PS4,2.7,109.2
FIFA 19,2018,Sports,EA,EA Sports,PS5,2.7,109.2
FIFA 19,2018,Sports,EA,EA Sports,Xbox One,1.9,78
FIFA 19,2018,Sports,EA,EA Sports,Xbox Series X,1.9,78
FIFA 19,2018,Sports,EA,EA Sports,PC,1.6,62.4
FIFA 19,2018,Sports,EA,EA Sports,Nintendo Switch,0.8,31.2
FIFA 19,2018,Sports,EA,EA Sports,Mobile,0.4,15.6
FIFA 19,2018,Sports,EA,EA Sports,PS4,4.68,187.2
FIFA 19,2018,Sports,EA,EA Sports,Xbox One,3.9,156
Far Cry 5,2018,Action-Adventure,Ubisoft,Ubisoft,Multi,3.2,128
Far Cry 5,2018,Action-Adventure,Ubisoft,Ubisoft,PS4,1.1,44.8
Far Cry 5,2018,Action-Adventure,Ubisoft,Ubisoft,PS5,1.1,44.8
Far Cry 5,2018,Action-Adventure,Ubisoft,Ubisoft,Xbox One,0.8,32
Far Cry 5,2018,Action-Adventure,Ubisoft,Ubisoft,Xbox Series X,0.8,32
Far Cry 5,2018,Action-Adventure,Ubisoft,Ubisoft,PC,0.6,25.6
Far Cry 5,2018,Action-Adventure,Ubisoft,Ubisoft,Nintendo Switch,0.3,12.8
Far Cry 5,2018,Action-Adventure,Ubisoft,Ubisoft,Mobile,0.2,6.4
Far Cry 5,2018,Action-Adventure,Ubisoft,Ubisoft,PS4,1.92,76.8
Far Cry 5,2018,Action-Adventure,Ubisoft,Ubisoft,Xbox One,1.6,64
Far Cry 5,2018,Action-Adventure,Ubisoft,Ubisoft,PC,1.28,51.2
Fortnite,2018,Battle Royale,Epic Games,Epic Games,Multi,8,320
Fortnite,2018,Battle Royale,Epic Games,Epic Games,PS4,2.8,112
Fortnite,2018,Battle Royale,Epic Games,Epic Games,PS5,2.8,112
Fortnite,2018,Battle Royale,Epic Games,Epic Games,Xbox One,2,80
Fortnite,2018,Battle Royale,Epic Games,Epic Games,Xbox Series X,2,80
Fortnite,2018,Battle Royale,Epic Games,Epic Games,PC,1.6,64
Fortnite,2018,Battle Royale,Epic Games,Epic Games,Nintendo Switch,0.8,32
Fortnite,2018,Battle Royale,Epic Games,Epic Games,Mobile,0.4,16
God of War,2018,Action-Adventure,Sony,Santa Monica,PS4,9.5,380
Just Cause 4,2018,Action-Adventure,Square Enix,Avalanche Studios,Multi,1.5,60
Just Cause 4,2018,Action-Adventure,Square Enix,Avalanche Studios,PS4,0.5,21
Just Cause 4,2018,Action-Adventure,Square Enix,Avalanche Studios,PS5,0.5,21
Just Cause 4,2018,Action-Adventure,Square Enix,Avalanche Studios,Xbox One,0.4,15
Just Cause 4,2018,Action-Adventure,Square Enix,Avalanche Studios,Xbox Series X,0.4,15
Just Cause 4,2018,Action-Adventure,Square Enix,Avalanche Studios,PC,0.3,12
Just Cause 4,2018,Action-Adventure,Square Enix,Avalanche Studios,Nintendo Switch,0.2,6
Just Cause 4,2018,Action-Adventure,Square Enix,Avalanche Studios,Mobile,0.1,3
Just Cause 4,2018,Action-Adventure,Square Enix,Avalanche Studios,PS4,0.9,36
Just Cause 4,2018,Action-Adventure,Square Enix,Avalanche Studios,Xbox One,0.75,30
Just Cause 4,2018,Action-Adventure,Square Enix,Avalanche Studios,PC,0.6,24
Madden NFL 19,2018,Sports,EA,EA Tiburon,Multi,7,280
Madden NFL 19,2018,Sports,EA,EA Tiburon,PS4,2.4,98
Madden NFL 19,2018,Sports,EA,EA Tiburon,PS5,2.4,98
Madden NFL 19,2018,Sports,EA,EA Tiburon,Xbox One,1.8,70
Madden NFL 19,2018,Sports,EA,EA Tiburon,Xbox Series X,1.8,70
Madden NFL 19,2018,Sports,EA,EA Tiburon,PC,1.4,56
Madden NFL 19,2018,Sports,EA,EA Tiburon,Nintendo Switch,0.7,28
Madden NFL 19,2018,Sports,EA,EA Tiburon,Mobile,0.4,14
Madden NFL 19,2018,Sports,EA,EA Tiburon,PS4,4.2,168
Madden NFL 19,2018,Sports,EA,EA Tiburon,Xbox One,3.5,140
Monster Hunter: World,2018,Action-RPG,Capcom,Capcom,Multi,8.5,340
Monster Hunter: World,2018,Action-RPG,Capcom,Capcom,PS4,3,119
Monster Hunter: World,2018,Action-RPG,Capcom,Capcom,PS5,3,119
Monster Hunter: World,2018,Action-RPG,Capcom,Capcom,Xbox One,2.1,85
Monster Hunter: World,2018,Action-RPG,Capcom,Capcom,Xbox Series X,2.1,85
Monster Hunter: World,2018,Action-RPG,Capcom,Capcom,PC,1.7,68
Monster Hunter: World,2018,Action-RPG,Capcom,Capcom,Nintendo Switch,0.9,34
Monster Hunter: World,2018,Action-RPG,Capcom,Capcom,Mobile,0.4,17
NBA 2K19,2018,Sports,2K Sports,Visual Concepts,Multi,6.1,244
NBA 2K19,2018,Sports,2K Sports,Visual Concepts,PS4,2.1,85.4
NBA 2K19,2018,Sports,2K Sports,Visual Concepts,PS5,2.1,85.4
NBA 2K19,2018,Sports,2K Sports,Visual Concepts,Xbox One,1.5,61
NBA 2K19,2018,Sports,2K Sports,Visual Concepts,Xbox Series X,1.5,61
NBA 2K19,2018,Sports,2K Sports,Visual Concepts,PC,1.2,48.8
NBA 2K19,2018,Sports,2K Sports,Visual Concepts,Nintendo Switch,0.6,24.4
NBA 2K19,2018,Sports,2K Sports,Visual Concepts,Mobile,0.3,12.2
NBA 2K19,2018,Sports,2K Sports,Visual Concepts,PS4,3.66,146.4
NBA 2K19,2018,Sports,2K Sports,Visual Concepts,Xbox One,3.05,122
Red Dead Redemption 2,2018,Action-Adventure,Rockstar Games,Rockstar Games,Multi,14,560
Red Dead Redemption 2,2018,Action-Adventure,Rockstar Games,Rockstar Games,PS4,4.9,196
Red Dead Redemption 2,2018,Action-Adventure,Rockstar Games,Rockstar Games,PS5,4.9,196
Red Dead Redemption 2,2018,Action-Adventure,Rockstar Games,Rockstar Games,Xbox One,3.5,140
Red Dead Redemption 2,2018,Action-Adventure,Rockstar Games,Rockstar Games,Xbox Series X,3.5,140
Red Dead Redemption 2,2018,Action-Adventure,Rockstar Games,Rockstar Games,PC,2.8,112
Red Dead Redemption 2,2018,Action-Adventure,Rockstar Games,Rockstar Games,Nintendo Switch,1.4,56
Red Dead Redemption 2,2018,Action-Adventure,Rockstar Games,Rockstar Games,Mobile,0.7,28
Red Dead Redemption 2,2018,Action-Adventure,Rockstar Games,Rockstar Games,PS4,8.4,336
Red Dead Redemption 2,2018,Action-Adventure,Rockstar Games,Rockstar Games,Xbox One,7,280
Red Dead Redemption 2,2018,Action-Adventure,Rockstar Games,Rockstar Games,PC,5.6,224
Spider-Man,2018,Action-Adventure,Sony,Insomniac,PS4,9,360
Super Smash Bros Ultimate,2018,Fighting,Nintendo,Nintendo,Switch,10.5,420
Call of Duty: Modern Warfare,2019,Shooter,Activision,Infinity Ward,Multi,11.2,448
Call of Duty: Modern Warfare,2019,Shooter,Activision,Infinity Ward,PS4,3.9,156.8
Call of Duty: Modern Warfare,2019,Shooter,Activision,Infinity Ward,PS5,3.9,156.8
Call of Duty: Modern Warfare,2019,Shooter,Activision,Infinity Ward,Xbox One,2.8,112
Call of Duty: Modern Warfare,2019,Shooter,Activision,Infinity Ward,Xbox Series X,2.8,112
Call of Duty: Modern Warfare,2019,Shooter,Activision,Infinity Ward,PC,2.2,89.6
Call of Duty: Modern Warfare,2019,Shooter,Activision,Infinity Ward,Nintendo Switch,1.1,44.8
Call of Duty: Modern Warfare,2019,Shooter,Activision,Infinity Ward,Mobile,0.6,22.4
Call of Duty: Modern Warfare,2019,Shooter,Activision,Infinity Ward,PS4,6.72,268.8
Call of Duty: Modern Warfare,2019,Shooter,Activision,Infinity Ward,Xbox One,5.6,224
Call of Duty: Modern Warfare,2019,Shooter,Activision,Infinity Ward,PC,4.48,179.2
Death Stranding,2019,Action,Sony,Kojima Productions,PS4,3.5,140
Devil May Cry 5,2019,Action,Capcom,Capcom,Multi,2.1,84
Devil May Cry 5,2019,Action,Capcom,Capcom,PS4,0.7,29.4
Devil May Cry 5,2019,Action,Capcom,Capcom,PS5,0.7,29.4
Devil May Cry 5,2019,Action,Capcom,Capcom,Xbox One,0.5,21
Devil May Cry 5,2019,Action,Capcom,Capcom,Xbox Series X,0.5,21
Devil May Cry 5,2019,Action,Capcom,Capcom,PC,0.4,16.8
Devil May Cry 5,2019,Action,Capcom,Capcom,Nintendo Switch,0.2,8.4
Devil May Cry 5,2019,Action,Capcom,Capcom,Mobile,0.1,4.2
FIFA 20,2019,Sports,EA,EA Sports,Multi,8.1,324
FIFA 20,2019,Sports,EA,EA Sports,PS4,2.8,113.4
FIFA 20,2019,Sports,EA,EA Sports,PS5,2.8,113.4
FIFA 20,2019,Sports,EA,EA Sports,Xbox One,2,81
FIFA 20,2019,Sports,EA,EA Sports,Xbox Series X,2,81
FIFA 20,2019,Sports,EA,EA Sports,PC,1.6,64.8
FIFA 20,2019,Sports,EA,EA Sports,Nintendo Switch,0.8,32.4
FIFA 20,2019,Sports,EA,EA Sports,Mobile,0.4,16.2
FIFA 20,2019,Sports,EA,EA Sports,PS4,4.86,194.4
FIFA 20,2019,Sports,EA,EA Sports,Xbox One,4.05,162
Gears 5,2019,Shooter,Microsoft,The Coalition,Xbox,2.1,84
Kingdom Hearts 3,2019,Action-RPG,Square Enix,Square Enix,Multi,2.5,100
Kingdom Hearts 3,2019,Action-RPG,Square Enix,Square Enix,PS4,0.9,35
Kingdom Hearts 3,2019,Action-RPG,Square Enix,Square Enix,PS5,0.9,35
Kingdom Hearts 3,2019,Action-RPG,Square Enix,Square Enix,Xbox One,0.6,25
Kingdom Hearts 3,2019,Action-RPG,Square Enix,Square Enix,Xbox Series X,0.6,25
Kingdom Hearts 3,2019,Action-RPG,Square Enix,Square Enix,PC,0.5,20
Kingdom Hearts 3,2019,Action-RPG,Square Enix,Square Enix,Nintendo Switch,0.2,10
Kingdom Hearts 3,2019,Action-RPG,Square Enix,Square Enix,Mobile,0.1,5
Kingdom Hearts 3,2019,Action-RPG,Square Enix,Square Enix,PS4,1.5,60
Kingdom Hearts 3,2019,Action-RPG,Square Enix,Square Enix,Xbox One,1.25,50
Kingdom Hearts 3,2019,Action-RPG,Square Enix,Square Enix,PC,1,40
Luigis Mansion 3,2019,Adventure,Nintendo,Next Level Games,Switch,3.8,152
Madden NFL 20,2019,Sports,EA,EA Tiburon,Multi,7.2,288
Madden NFL 20,2019,Sports,EA,EA Tiburon,PS4,2.5,100.8
Madden NFL 20,2019,Sports,EA,EA Tiburon,PS5,2.5,100.8
Madden NFL 20,2019,Sports,EA,EA Tiburon,Xbox One,1.8,72
Madden NFL 20,2019,Sports,EA,EA Tiburon,Xbox Series X,1.8,72
Madden NFL 20,2019,Sports,EA,EA Tiburon,PC,1.4,57.6
Madden NFL 20,2019,Sports,EA,EA Tiburon,Nintendo Switch,0.7,28.8
Madden NFL 20,2019,Sports,EA,EA Tiburon,Mobile,0.4,14.4
Madden NFL 20,2019,Sports,EA,EA Tiburon,PS4,4.32,172.8
Madden NFL 20,2019,Sports,EA,EA Tiburon,Xbox One,3.6,144
NBA 2K20,2019,Sports,2K Sports,Visual Concepts,Multi,6.3,252
NBA 2K20,2019,Sports,2K Sports,Visual Concepts,PS4,2.2,88.2
NBA 2K20,2019,Sports,2K Sports,Visual Concepts,PS5,2.2,88.2
NBA 2K20,2019,Sports,2K Sports,Visual Concepts,Xbox One,1.6,63
NBA 2K20,2019,Sports,2K Sports,Visual Concepts,Xbox Series X,1.6,63
NBA 2K20,2019,Sports,2K Sports,Visual Concepts,PC,1.3,50.4
NBA 2K20,2019,Sports,2K Sports,Visual Concepts,Nintendo Switch,0.6,25.2
NBA 2K20,2019,Sports,2K Sports,Visual Concepts,Mobile,0.3,12.6
NBA 2K20,2019,Sports,2K Sports,Visual Concepts,PS4,3.78,151.2
NBA 2K20,2019,Sports,2K Sports,Visual Concepts,Xbox One,3.15,126
Pokemon Sword & Shield,2019,RPG,Nintendo,Game Freak,Switch,17.3,692
Resident Evil 2 Remake,2019,Horror,Capcom,Capcom,Multi,3.5,140
Resident Evil 2 Remake,2019,Horror,Capcom,Capcom,PS4,1.2,49
Resident Evil 2 Remake,2019,Horror,Capcom,Capcom,PS5,1.2,49
Resident Evil 2 Remake,2019,Horror,Capcom,Capcom,Xbox One,0.9,35
Resident Evil 2 Remake,2019,Horror,Capcom,Capcom,Xbox Series X,0.9,35
Resident Evil 2 Remake,2019,Horror,Capcom,Capcom,PC,0.7,28
Resident Evil 2 Remake,2019,Horror,Capcom,Capcom,Nintendo Switch,0.4,14
Resident Evil 2 Remake,2019,Horror,Capcom,Capcom,Mobile,0.2,7
The Division 2,2019,Shooter,Ubisoft,Ubisoft,Multi,1.8,72
The Division 2,2019,Shooter,Ubisoft,Ubisoft,PS4,0.6,25.2
The Division 2,2019,Shooter,Ubisoft,Ubisoft,PS5,0.6,25.2
The Division 2,2019,Shooter,Ubisoft,Ubisoft,Xbox One,0.5,18
The Division 2,2019,Shooter,Ubisoft,Ubisoft,Xbox Series X,0.5,18
The Division 2,2019,Shooter,Ubisoft,Ubisoft,PC,0.4,14.4
The Division 2,2019,Shooter,Ubisoft,Ubisoft,Nintendo Switch,0.2,7.2
The Division 2,2019,Shooter,Ubisoft,Ubisoft,Mobile,0.1,3.6
The Division 2,2019,Shooter,Ubisoft,Ubisoft,PS4,1.08,43.2
The Division 2,2019,Shooter,Ubisoft,Ubisoft,Xbox One,0.9,36
The Division 2,2019,Shooter,Ubisoft,Ubisoft,PC,0.72,28.8
The Outer Worlds,2019,RPG,Microsoft,Obsidian,Multi,3.2,128
The Outer Worlds,2019,RPG,Microsoft,Obsidian,PS4,1.1,44.8
The Outer Worlds,2019,RPG,Microsoft,Obsidian,PS5,1.1,44.8
The Outer Worlds,2019,RPG,Microsoft,Obsidian,Xbox One,0.8,32
The Outer Worlds,2019,RPG,Microsoft,Obsidian,Xbox Series X,0.8,32
The Outer Worlds,2019,RPG,Microsoft,Obsidian,PC,0.6,25.6
The Outer Worlds,2019,RPG,Microsoft,Obsidian,Nintendo Switch,0.3,12.8
The Outer Worlds,2019,RPG,Microsoft,Obsidian,Mobile,0.2,6.4
Animal Crossing: New Horizons,2020,Simulation,Nintendo,Nintendo,Switch,12.5,500
Assassin's Creed Valhalla,2020,Action-Adventure,Ubisoft,Ubisoft,Multi,4.7,188
Assassin's Creed Valhalla,2020,Action-Adventure,Ubisoft,Ubisoft,PS4,1.6,65.8
Assassin's Creed Valhalla,2020,Action-Adventure,Ubisoft,Ubisoft,PS5,1.6,65.8
Assassin's Creed Valhalla,2020,Action-Adventure,Ubisoft,Ubisoft,Xbox One,1.2,47
Assassin's Creed Valhalla,2020,Action-Adventure,Ubisoft,Ubisoft,Xbox Series X,1.2,47
Assassin's Creed Valhalla,2020,Action-Adventure,Ubisoft,Ubisoft,PC,0.9,37.6
Assassin's Creed Valhalla,2020,Action-Adventure,Ubisoft,Ubisoft,Nintendo Switch,0.5,18.8
Assassin's Creed Valhalla,2020,Action-Adventure,Ubisoft,Ubisoft,Mobile,0.2,9.4
Assassin's Creed Valhalla,2020,Action-Adventure,Ubisoft,Ubisoft,PS4,2.82,112.8
Assassin's Creed Valhalla,2020,Action-Adventure,Ubisoft,Ubisoft,Xbox One,2.35,94
Assassin's Creed Valhalla,2020,Action-Adventure,Ubisoft,Ubisoft,PC,1.88,75.2
Call of Duty: Black Ops Cold War,2020,Shooter,Activision,Treyarch,Multi,10.5,420
Call of Duty: Black Ops Cold War,2020,Shooter,Activision,Treyarch,PS4,3.7,147
Call of Duty: Black Ops Cold War,2020,Shooter,Activision,Treyarch,PS5,3.7,147
Call of Duty: Black Ops Cold War,2020,Shooter,Activision,Treyarch,Xbox One,2.6,105
Call of Duty: Black Ops Cold War,2020,Shooter,Activision,Treyarch,Xbox Series X,2.6,105
Call of Duty: Black Ops Cold War,2020,Shooter,Activision,Treyarch,PC,2.1,84
Call of Duty: Black Ops Cold War,2020,Shooter,Activision,Treyarch,Nintendo Switch,1.1,42
Call of Duty: Black Ops Cold War,2020,Shooter,Activision,Treyarch,Mobile,0.5,21
Call of Duty: Black Ops Cold War,2020,Shooter,Activision,Treyarch,PS4,6.3,252
Call of Duty: Black Ops Cold War,2020,Shooter,Activision,Treyarch,Xbox One,5.25,210
Call of Duty: Black Ops Cold War,2020,Shooter,Activision,Treyarch,PC,4.2,168
Cyberpunk 2077,2020,Action-RPG,CD Projekt,CD Projekt Red,Multi,13,520
Cyberpunk 2077,2020,Action-RPG,CD Projekt,CD Projekt Red,PS4,4.5,182
Cyberpunk 2077,2020,Action-RPG,CD Projekt,CD Projekt Red,PS5,4.5,182
Cyberpunk 2077,2020,Action-RPG,CD Projekt,CD Projekt Red,Xbox One,3.2,130
Cyberpunk 2077,2020,Action-RPG,CD Projekt,CD Projekt Red,Xbox Series X,3.2,130
Cyberpunk 2077,2020,Action-RPG,CD Projekt,CD Projekt Red,PC,2.6,104
Cyberpunk 2077,2020,Action-RPG,CD Projekt,CD Projekt Red,Nintendo Switch,1.3,52
Cyberpunk 2077,2020,Action-RPG,CD Projekt,CD Projekt Red,Mobile,0.7,26
FIFA 21,2020,Sports,EA,EA Sports,Multi,8.4,336
FIFA 21,2020,Sports,EA,EA Sports,PS4,2.9,117.6
FIFA 21,2020,Sports,EA,EA Sports,PS5,2.9,117.6
FIFA 21,2020,Sports,EA,EA Sports,Xbox One,2.1,84
FIFA 21,2020,Sports,EA,EA Sports,Xbox Series X,2.1,84
FIFA 21,2020,Sports,EA,EA Sports,PC,1.7,67.2
FIFA 21,2020,Sports,EA,EA Sports,Nintendo Switch,0.8,33.6
FIFA 21,2020,Sports,EA,EA Sports,Mobile,0.4,16.8
FIFA 21,2020,Sports,EA,EA Sports,PS4,5.04,201.6
FIFA 21,2020,Sports,EA,EA Sports,Xbox One,4.2,168
Final Fantasy VII Remake,2020,RPG,Square Enix,Square Enix,PS4,3.5,140
Final Fantasy VII Remake,2020,RPG,Square Enix,Square Enix,Xbox One,1.75,70
Final Fantasy VII Remake,2020,RPG,Square Enix,Square Enix,PC,1.4,56
Ghost of Tsushima,2020,Action-Adventure,Sony,Sucker Punch,PS4,4.3,172
Hades,2020,Action-RPG,Supergiant Games,Supergiant Games,Multi,2,80
Hades,2020,Action-RPG,Supergiant Games,Supergiant Games,PS4,0.7,28
Hades,2020,Action-RPG,Supergiant Games,Supergiant Games,PS5,0.7,28
Hades,2020,Action-RPG,Supergiant Games,Supergiant Games,Xbox One,0.5,20
Hades,2020,Action-RPG,Supergiant Games,Supergiant Games,Xbox Series X,0.5,20
Hades,2020,Action-RPG,Supergiant Games,Supergiant Games,PC,0.4,16
Hades,2020,Action-RPG,Supergiant Games,Supergiant Games,Nintendo Switch,0.2,8
Hades,2020,Action-RPG,Supergiant Games,Supergiant Games,Mobile,0.1,4
Madden NFL 21,2020,Sports,EA,EA Tiburon,Multi,7.5,300
Madden NFL 21,2020,Sports,EA,EA Tiburon,PS4,2.6,105
Madden NFL 21,2020,Sports,EA,EA Tiburon,PS5,2.6,105
Madden NFL 21,2020,Sports,EA,EA Tiburon,Xbox One,1.9,75
Madden NFL 21,2020,Sports,EA,EA Tiburon,Xbox Series X,1.9,75
Madden NFL 21,2020,Sports,EA,EA Tiburon,PC,1.5,60
Madden NFL 21,2020,Sports,EA,EA Tiburon,Nintendo Switch,0.8,30
Madden NFL 21,2020,Sports,EA,EA Tiburon,Mobile,0.4,15
Madden NFL 21,2020,Sports,EA,EA Tiburon,PS4,4.5,180
Madden NFL 21,2020,Sports,EA,EA Tiburon,Xbox One,3.75,150
NBA 2K21,2020,Sports,2K Sports,Visual Concepts,Multi,6.2,248
NBA 2K21,2020,Sports,2K Sports,Visual Concepts,PS4,2.2,86.8
NBA 2K21,2020,Sports,2K Sports,Visual Concepts,PS5,2.2,86.8
NBA 2K21,2020,Sports,2K Sports,Visual Concepts,Xbox One,1.6,62
NBA 2K21,2020,Sports,2K Sports,Visual Concepts,Xbox Series X,1.6,62
NBA 2K21,2020,Sports,2K Sports,Visual Concepts,PC,1.2,49.6
NBA 2K21,2020,Sports,2K Sports,Visual Concepts,Nintendo Switch,0.6,24.8
NBA 2K21,2020,Sports,2K Sports,Visual Concepts,Mobile,0.3,12.4
NBA 2K21,2020,Sports,2K Sports,Visual Concepts,PS4,3.72,148.8
NBA 2K21,2020,Sports,2K Sports,Visual Concepts,Xbox One,3.1,124
The Last of Us Part II,2020,Action-Adventure,Sony,Naughty Dog,PS4,4,160
Call of Duty: Vanguard,2021,Shooter,Activision,Sledgehammer Games,Multi,9.8,392
Call of Duty: Vanguard,2021,Shooter,Activision,Sledgehammer Games,PS4,3.4,137.2
Call of Duty: Vanguard,2021,Shooter,Activision,Sledgehammer Games,PS5,3.4,137.2
Call of Duty: Vanguard,2021,Shooter,Activision,Sledgehammer Games,Xbox One,2.5,98
Call of Duty: Vanguard,2021,Shooter,Activision,Sledgehammer Games,Xbox Series X,2.5,98
Call of Duty: Vanguard,2021,Shooter,Activision,Sledgehammer Games,PC,2,78.4
Call of Duty: Vanguard,2021,Shooter,Activision,Sledgehammer Games,Nintendo Switch,1,39.2
Call of Duty: Vanguard,2021,Shooter,Activision,Sledgehammer Games,Mobile,0.5,19.6
Call of Duty: Vanguard,2021,Shooter,Activision,Sledgehammer Games,PS4,5.88,235.2
Call of Duty: Vanguard,2021,Shooter,Activision,Sledgehammer Games,Xbox One,4.9,196
Call of Duty: Vanguard,2021,Shooter,Activision,Sledgehammer Games,PC,3.92,156.8
Deathloop,2021,Action,Microsoft,Arkane Studios,Multi,2,80
Deathloop,2021,Action,Microsoft,Arkane Studios,PS4,0.7,28
Deathloop,2021,Action,Microsoft,Arkane Studios,PS5,0.7,28
Deathloop,2021,Action,Microsoft,Arkane Studios,Xbox One,0.5,20
Deathloop,2021,Action,Microsoft,Arkane Studios,Xbox Series X,0.5,20
Deathloop,2021,Action,Microsoft,Arkane Studios,PC,0.4,16
Deathloop,2021,Action,Microsoft,Arkane Studios,Nintendo Switch,0.2,8
Deathloop,2021,Action,Microsoft,Arkane Studios,Mobile,0.1,4
FIFA 22,2021,Sports,EA,EA Sports,Multi,8.6,344
FIFA 22,2021,Sports,EA,EA Sports,PS4,3,120.4
FIFA 22,2021,Sports,EA,EA Sports,PS5,3,120.4
FIFA 22,2021,Sports,EA,EA Sports,Xbox One,2.1,86
FIFA 22,2021,Sports,EA,EA Sports,Xbox Series X,2.1,86
FIFA 22,2021,Sports,EA,EA Sports,PC,1.7,68.8
FIFA 22,2021,Sports,EA,EA Sports,Nintendo Switch,0.9,34.4
FIFA 22,2021,Sports,EA,EA Sports,Mobile,0.4,17.2
FIFA 22,2021,Sports,EA,EA Sports,PS4,5.16,206.4
FIFA 22,2021,Sports,EA,EA Sports,Xbox One,4.3,172
Far Cry 6,2021,Action-Adventure,Ubisoft,Ubisoft,Multi,2.8,112
Far Cry 6,2021,Action-Adventure,Ubisoft,Ubisoft,PS4,1,39.2
Far Cry 6,2021,Action-Adventure,Ubisoft,Ubisoft,PS5,1,39.2
Far Cry 6,2021,Action-Adventure,Ubisoft,Ubisoft,Xbox One,0.7,28
Far Cry 6,2021,Action-Adventure,Ubisoft,Ubisoft,Xbox Series X,0.7,28
Far Cry 6,2021,Action-Adventure,Ubisoft,Ubisoft,PC,0.6,22.4
Far Cry 6,2021,Action-Adventure,Ubisoft,Ubisoft,Nintendo Switch,0.3,11.2
Far Cry 6,2021,Action-Adventure,Ubisoft,Ubisoft,Mobile,0.1,5.6
Far Cry 6,2021,Action-Adventure,Ubisoft,Ubisoft,PS4,1.68,67.2
Far Cry 6,2021,Action-Adventure,Ubisoft,Ubisoft,Xbox One,1.4,56
Far Cry 6,2021,Action-Adventure,Ubisoft,Ubisoft,PC,1.12,44.8
Hitman 3,2021,Stealth,IO Interactive,IO Interactive,Multi,1.5,60
Hitman 3,2021,Stealth,IO Interactive,IO Interactive,PS4,0.5,21
Hitman 3,2021,Stealth,IO Interactive,IO Interactive,PS5,0.5,21
Hitman 3,2021,Stealth,IO Interactive,IO Interactive,Xbox One,0.4,15
Hitman 3,2021,Stealth,IO Interactive,IO Interactive,Xbox Series X,0.4,15
Hitman 3,2021,Stealth,IO Interactive,IO Interactive,PC,0.3,12
Hitman 3,2021,Stealth,IO Interactive,IO Interactive,Nintendo Switch,0.2,6
Hitman 3,2021,Stealth,IO Interactive,IO Interactive,Mobile,0.1,3
Madden NFL 22,2021,Sports,EA,EA Tiburon,Multi,7.7,308
Madden NFL 22,2021,Sports,EA,EA Tiburon,PS4,2.7,107.8
Madden NFL 22,2021,Sports,EA,EA Tiburon,PS5,2.7,107.8
Madden NFL 22,2021,Sports,EA,EA Tiburon,Xbox One,1.9,77
Madden NFL 22,2021,Sports,EA,EA Tiburon,Xbox Series X,1.9,77
Madden NFL 22,2021,Sports,EA,EA Tiburon,PC,1.5,61.6
Madden NFL 22,2021,Sports,EA,EA Tiburon,Nintendo Switch,0.8,30.8
Madden NFL 22,2021,Sports,EA,EA Tiburon,Mobile,0.4,15.4
Madden NFL 22,2021,Sports,EA,EA Tiburon,PS4,4.62,184.8
Madden NFL 22,2021,Sports,EA,EA Tiburon,Xbox One,3.85,154
Monster Hunter Rise,2021,Action-RPG,Capcom,Capcom,Switch,7.5,300
NBA 2K22,2021,Sports,2K Sports,Visual Concepts,Multi,6.4,256
NBA 2K22,2021,Sports,2K Sports,Visual Concepts,PS4,2.2,89.6
NBA 2K22,2021,Sports,2K Sports,Visual Concepts,PS5,2.2,89.6
NBA 2K22,2021,Sports,2K Sports,Visual Concepts,Xbox One,1.6,64
NBA 2K22,2021,Sports,2K Sports,Visual Concepts,Xbox Series X,1.6,64
NBA 2K22,2021,Sports,2K Sports,Visual Concepts,PC,1.3,51.2
NBA 2K22,2021,Sports,2K Sports,Visual Concepts,Nintendo Switch,0.6,25.6
NBA 2K22,2021,Sports,2K Sports,Visual Concepts,Mobile,0.3,12.8
NBA 2K22,2021,Sports,2K Sports,Visual Concepts,PS4,3.84,153.6
NBA 2K22,2021,Sports,2K Sports,Visual Concepts,Xbox One,3.2,128
Ratchet & Clank: Rift Apart,2021,Action-Adventure,Sony,Insomniac,PS5,1.1,44
Resident Evil Village,2021,Horror,Capcom,Capcom,Multi,5.5,220
Resident Evil Village,2021,Horror,Capcom,Capcom,PS4,1.9,77
Resident Evil Village,2021,Horror,Capcom,Capcom,PS5,1.9,77
Resident Evil Village,2021,Horror,Capcom,Capcom,Xbox One,1.4,55
Resident Evil Village,2021,Horror,Capcom,Capcom,Xbox Series X,1.4,55
Resident Evil Village,2021,Horror,Capcom,Capcom,PC,1.1,44
Resident Evil Village,2021,Horror,Capcom,Capcom,Nintendo Switch,0.6,22
Resident Evil Village,2021,Horror,Capcom,Capcom,Mobile,0.3,11
Returnal,2021,Action,Sony,Housemarque,PS5,0.8,32
Call of Duty: Modern Warfare II,2022,Shooter,Activision,Infinity Ward,Multi,11.5,460
Call of Duty: Modern Warfare II,2022,Shooter,Activision,Infinity Ward,PS4,4,161
Call of Duty: Modern Warfare II,2022,Shooter,Activision,Infinity Ward,PS5,4,161
Call of Duty: Modern Warfare II,2022,Shooter,Activision,Infinity Ward,Xbox One,2.9,115
Call of Duty: Modern Warfare II,2022,Shooter,Activision,Infinity Ward,Xbox Series X,2.9,115
Call of Duty: Modern Warfare II,2022,Shooter,Activision,Infinity Ward,PC,2.3,92
Call of Duty: Modern Warfare II,2022,Shooter,Activision,Infinity Ward,Nintendo Switch,1.2,46
Call of Duty: Modern Warfare II,2022,Shooter,Activision,Infinity Ward,Mobile,0.6,23
Call of Duty: Modern Warfare II,2022,Shooter,Activision,Infinity Ward,PS4,6.9,276
Call of Duty: Modern Warfare II,2022,Shooter,Activision,Infinity Ward,Xbox One,5.75,230
Call of Duty: Modern Warfare II,2022,Shooter,Activision,Infinity Ward,PC,4.6,184
Elden Ring,2022,Action-RPG,Bandai Namco,FromSoftware,Multi,17,680
Elden Ring,2022,Action-RPG,Bandai Namco,FromSoftware,PS4,5.9,238
Elden Ring,2022,Action-RPG,Bandai Namco,FromSoftware,PS5,5.9,238
Elden Ring,2022,Action-RPG,Bandai Namco,FromSoftware,Xbox One,4.2,170
Elden Ring,2022,Action-RPG,Bandai Namco,FromSoftware,Xbox Series X,4.2,170
Elden Ring,2022,Action-RPG,Bandai Namco,FromSoftware,PC,3.4,136
Elden Ring,2022,Action-RPG,Bandai Namco,FromSoftware,Nintendo Switch,1.7,68
Elden Ring,2022,Action-RPG,Bandai Namco,FromSoftware,Mobile,0.9,34
FIFA 23,2022,Sports,EA,EA Sports,Multi,8.8,352
FIFA 23,2022,Sports,EA,EA Sports,PS4,3.1,123.2
FIFA 23,2022,Sports,EA,EA Sports,PS5,3.1,123.2
FIFA 23,2022,Sports,EA,EA Sports,Xbox One,2.2,88
FIFA 23,2022,Sports,EA,EA Sports,Xbox Series X,2.2,88
FIFA 23,2022,Sports,EA,EA Sports,PC,1.8,70.4
FIFA 23,2022,Sports,EA,EA Sports,Nintendo Switch,0.9,35.2
FIFA 23,2022,Sports,EA,EA Sports,Mobile,0.4,17.6
FIFA 23,2022,Sports,EA,EA Sports,PS4,5.28,211.2
FIFA 23,2022,Sports,EA,EA Sports,Xbox One,4.4,176
Forspoken,2022,Action-RPG,Square Enix,Luminous Productions,PS5/PC,0.3,12
Forspoken,2022,Action-RPG,Square Enix,Luminous Productions,PS4,0.18,7.2
Forspoken,2022,Action-RPG,Square Enix,Luminous Productions,Xbox One,0.15,6
Forspoken,2022,Action-RPG,Square Enix,Luminous Productions,PC,0.12,4.8
Ghostwire Tokyo,2022,Action-Adventure,Microsoft,Tango Gameworks,PS5/PC,0.9,36
God of War: Ragnarok,2022,Action-Adventure,Sony,Santa Monica Studios,PS5,11,440
Kirby and the Forgotten Land,2022,Platformer,Nintendo,Nintendo,Switch,4.5,180
Madden NFL 23,2022,Sports,EA,EA Tiburon,Multi,7.9,316
Madden NFL 23,2022,Sports,EA,EA Tiburon,PS4,2.8,110.6
Madden NFL 23,2022,Sports,EA,EA Tiburon,PS5,2.8,110.6
Madden NFL 23,2022,Sports,EA,EA Tiburon,Xbox One,2,79
Madden NFL 23,2022,Sports,EA,EA Tiburon,Xbox Series X,2,79
Madden NFL 23,2022,Sports,EA,EA Tiburon,PC,1.6,63.2
Madden NFL 23,2022,Sports,EA,EA Tiburon,Nintendo Switch,0.8,31.6
Madden NFL 23,2022,Sports,EA,EA Tiburon,Mobile,0.4,15.8
Madden NFL 23,2022,Sports,EA,EA Tiburon,PS4,4.74,189.6
Madden NFL 23,2022,Sports,EA,EA Tiburon,Xbox One,3.95,158
NBA 2K23,2022,Sports,2K Sports,Visual Concepts,Multi,6.5,260
NBA 2K23,2022,Sports,2K Sports,Visual Concepts,PS4,2.3,91
NBA 2K23,2022,Sports,2K Sports,Visual Concepts,PS5,2.3,91
NBA 2K23,2022,Sports,2K Sports,Visual Concepts,Xbox One,1.6,65
NBA 2K23,2022,Sports,2K Sports,Visual Concepts,Xbox Series X,1.6,65
NBA 2K23,2022,Sports,2K Sports,Visual Concepts,PC,1.3,52
NBA 2K23,2022,Sports,2K Sports,Visual Concepts,Nintendo Switch,0.7,26
NBA 2K23,2022,Sports,2K Sports,Visual Concepts,Mobile,0.3,13
NBA 2K23,2022,Sports,2K Sports,Visual Concepts,PS4,3.9,156
NBA 2K23,2022,Sports,2K Sports,Visual Concepts,Xbox One,3.25,130
Pokemon Legends: Arceus,2022,RPG,Nintendo,Game Freak,Switch,6.3,252
Alan Wake 2,2023,Action-Adventure,Remedy,Remedy,Multi,1.2,48
Alan Wake 2,2023,Action-Adventure,Remedy,Remedy,PS4,0.4,16.8
Alan Wake 2,2023,Action-Adventure,Remedy,Remedy,PS5,0.4,16.8
Alan Wake 2,2023,Action-Adventure,Remedy,Remedy,Xbox One,0.3,12
Alan Wake 2,2023,Action-Adventure,Remedy,Remedy,Xbox Series X,0.3,12
Alan Wake 2,2023,Action-Adventure,Remedy,Remedy,PC,0.2,9.6
Alan Wake 2,2023,Action-Adventure,Remedy,Remedy,Nintendo Switch,0.1,4.8
Alan Wake 2,2023,Action-Adventure,Remedy,Remedy,Mobile,0.1,2.4
Baldur's Gate 3,2023,RPG,Larian Studios,Larian Studios,Multi,7.5,300
Baldur's Gate 3,2023,RPG,Larian Studios,Larian Studios,PS4,2.6,105
Baldur's Gate 3,2023,RPG,Larian Studios,Larian Studios,PS5,2.6,105
Baldur's Gate 3,2023,RPG,Larian Studios,Larian Studios,Xbox One,1.9,75
Baldur's Gate 3,2023,RPG,Larian Studios,Larian Studios,Xbox Series X,1.9,75
Baldur's Gate 3,2023,RPG,Larian Studios,Larian Studios,PC,1.5,60
Baldur's Gate 3,2023,RPG,Larian Studios,Larian Studios,Nintendo Switch,0.8,30
Baldur's Gate 3,2023,RPG,Larian Studios,Larian Studios,Mobile,0.4,15
Call of Duty: Modern Warfare III,2023,Shooter,Activision,Sledgehammer Games,Multi,9.2,368
Call of Duty: Modern Warfare III,2023,Shooter,Activision,Sledgehammer Games,PS4,3.2,128.8
Call of Duty: Modern Warfare III,2023,Shooter,Activision,Sledgehammer Games,PS5,3.2,128.8
Call of Duty: Modern Warfare III,2023,Shooter,Activision,Sledgehammer Games,Xbox One,2.3,92
Call of Duty: Modern Warfare III,2023,Shooter,Activision,Sledgehammer Games,Xbox Series X,2.3,92
Call of Duty: Modern Warfare III,2023,Shooter,Activision,Sledgehammer Games,PC,1.8,73.6
Call of Duty: Modern Warfare III,2023,Shooter,Activision,Sledgehammer Games,Nintendo Switch,0.9,36.8
Call of Duty: Modern Warfare III,2023,Shooter,Activision,Sledgehammer Games,Mobile,0.5,18.4
Call of Duty: Modern Warfare III,2023,Shooter,Activision,Sledgehammer Games,PS4,5.52,220.8
Call of Duty: Modern Warfare III,2023,Shooter,Activision,Sledgehammer Games,Xbox One,4.6,184
Call of Duty: Modern Warfare III,2023,Shooter,Activision,Sledgehammer Games,PC,3.68,147.2
Diablo IV,2023,Action-RPG,Blizzard,Blizzard,Multi,8.5,340
Diablo IV,2023,Action-RPG,Blizzard,Blizzard,PS4,3,119
Diablo IV,2023,Action-RPG,Blizzard,Blizzard,PS5,3,119
Diablo IV,2023,Action-RPG,Blizzard,Blizzard,Xbox One,2.1,85
Diablo IV,2023,Action-RPG,Blizzard,Blizzard,Xbox Series X,2.1,85
Diablo IV,2023,Action-RPG,Blizzard,Blizzard,PC,1.7,68
Diablo IV,2023,Action-RPG,Blizzard,Blizzard,Nintendo Switch,0.9,34
Diablo IV,2023,Action-RPG,Blizzard,Blizzard,Mobile,0.4,17
Final Fantasy XVI,2023,RPG,Square Enix,Square Enix,PS5,3,120
Final Fantasy XVI,2023,RPG,Square Enix,Square Enix,PS4,1.8,72
Final Fantasy XVI,2023,RPG,Square Enix,Square Enix,Xbox One,1.5,60
Final Fantasy XVI,2023,RPG,Square Enix,Square Enix,PC,1.2,48
Hogwarts Legacy,2023,Action-RPG,WB Games,Avalanche Software,Multi,12,480
Hogwarts Legacy,2023,Action-RPG,WB Games,Avalanche Software,PS4,4.2,168
Hogwarts Legacy,2023,Action-RPG,WB Games,Avalanche Software,PS5,4.2,168
Hogwarts Legacy,2023,Action-RPG,WB Games,Avalanche Software,Xbox One,3,120
Hogwarts Legacy,2023,Action-RPG,WB Games,Avalanche Software,Xbox Series X,3,120
Hogwarts Legacy,2023,Action-RPG,WB Games,Avalanche Software,PC,2.4,96
Hogwarts Legacy,2023,Action-RPG,WB Games,Avalanche Software,Nintendo Switch,1.2,48
Hogwarts Legacy,2023,Action-RPG,WB Games,Avalanche Software,Mobile,0.6,24
Spider-Man 2,2023,Action-Adventure,Sony,Insomniac,PS5,5.5,220
Starfield,2023,Action-RPG,Microsoft,Bethesda,PC/Xbox,6.8,272
Street Fighter 6,2023,Fighting,Capcom,Capcom,Multi,2.5,100
Street Fighter 6,2023,Fighting,Capcom,Capcom,PS4,0.9,35
Street Fighter 6,2023,Fighting,Capcom,Capcom,PS5,0.9,35
Street Fighter 6,2023,Fighting,Capcom,Capcom,Xbox One,0.6,25
Street Fighter 6,2023,Fighting,Capcom,Capcom,Xbox Series X,0.6,25
Street Fighter 6,2023,Fighting,Capcom,Capcom,PC,0.5,20
Street Fighter 6,2023,Fighting,Capcom,Capcom,Nintendo Switch,0.2,10
Street Fighter 6,2023,Fighting,Capcom,Capcom,Mobile,0.1,5
Super Mario Bros Wonder,2023,Platformer,Nintendo,Nintendo,Switch,4,160
The Legend of Zelda: Tears of the Kingdom,2023,Action-Adventure,Nintendo,Nintendo,Switch,8.5,340
Black Myth: Wukong,2024,Action-RPG,Game Science,Game Science,PC/PS5,16,640
Call of Duty: Black Ops 6,2024,Shooter,Activision,Treyarch,Multi,10.8,432
Call of Duty: Black Ops 6,2024,Shooter,Activision,Treyarch,PS4,3.8,151.2
Call of Duty: Black Ops 6,2024,Shooter,Activision,Treyarch,PS5,3.8,151.2
Call of Duty: Black Ops 6,2024,Shooter,Activision,Treyarch,Xbox One,2.7,108
Call of Duty: Black Ops 6,2024,Shooter,Activision,Treyarch,Xbox Series X,2.7,108
Call of Duty: Black Ops 6,2024,Shooter,Activision,Treyarch,PC,2.2,86.4
Call of Duty: Black Ops 6,2024,Shooter,Activision,Treyarch,Nintendo Switch,1.1,43.2
Call of Duty: Black Ops 6,2024,Shooter,Activision,Treyarch,Mobile,0.5,21.6
Call of Duty: Black Ops 6,2024,Shooter,Activision,Treyarch,PS4,6.48,259.2
Call of Duty: Black Ops 6,2024,Shooter,Activision,Treyarch,Xbox One,5.4,216
Call of Duty: Black Ops 6,2024,Shooter,Activision,Treyarch,PC,4.32,172.8
Dragon Age: The Veilguard,2024,RPG,EA,BioWare,Multi,4.5,180
Dragon Age: The Veilguard,2024,RPG,EA,BioWare,PS4,1.6,63
Dragon Age: The Veilguard,2024,RPG,EA,BioWare,PS5,1.6,63
Dragon Age: The Veilguard,2024,RPG,EA,BioWare,Xbox One,1.1,45
Dragon Age: The Veilguard,2024,RPG,EA,BioWare,Xbox Series X,1.1,45
Dragon Age: The Veilguard,2024,RPG,EA,BioWare,PC,0.9,36
Dragon Age: The Veilguard,2024,RPG,EA,BioWare,Nintendo Switch,0.5,18
Dragon Age: The Veilguard,2024,RPG,EA,BioWare,Mobile,0.2,9
Dragon Age: The Veilguard,2024,RPG,EA,BioWare,PS4,2.7,108
Dragon Age: The Veilguard,2024,RPG,EA,BioWare,Xbox One,2.25,90
Dragon Age: The Veilguard,2024,RPG,EA,BioWare,PC,1.8,72
Dragon's Dogma 2,2024,Action-RPG,Capcom,Capcom,Multi,2.8,112
Dragon's Dogma 2,2024,Action-RPG,Capcom,Capcom,PS4,1,39.2
Dragon's Dogma 2,2024,Action-RPG,Capcom,Capcom,PS5,1,39.2
Dragon's Dogma 2,2024,Action-RPG,Capcom,Capcom,Xbox One,0.7,28
Dragon's Dogma 2,2024,Action-RPG,Capcom,Capcom,Xbox Series X,0.7,28
Dragon's Dogma 2,2024,Action-RPG,Capcom,Capcom,PC,0.6,22.4
Dragon's Dogma 2,2024,Action-RPG,Capcom,Capcom,Nintendo Switch,0.3,11.2
Dragon's Dogma 2,2024,Action-RPG,Capcom,Capcom,Mobile,0.1,5.6
EA Sports College Football 25,2024,Sports,EA,EA Tiburon,Multi,5.5,220
EA Sports College Football 25,2024,Sports,EA,EA Tiburon,PS4,1.9,77
EA Sports College Football 25,2024,Sports,EA,EA Tiburon,PS5,1.9,77
EA Sports College Football 25,2024,Sports,EA,EA Tiburon,Xbox One,1.4,55
EA Sports College Football 25,2024,Sports,EA,EA Tiburon,Xbox Series X,1.4,55
EA Sports College Football 25,2024,Sports,EA,EA Tiburon,PC,1.1,44
EA Sports College Football 25,2024,Sports,EA,EA Tiburon,Nintendo Switch,0.6,22
EA Sports College Football 25,2024,Sports,EA,EA Tiburon,Mobile,0.3,11
EA Sports College Football 25,2024,Sports,EA,EA Tiburon,PS4,3.3,132
EA Sports College Football 25,2024,Sports,EA,EA Tiburon,Xbox One,2.75,110
Final Fantasy VII Rebirth,2024,RPG,Square Enix,Square Enix,PS5,5,200
Final Fantasy VII Rebirth,2024,RPG,Square Enix,Square Enix,PS4,3,120
Final Fantasy VII Rebirth,2024,RPG,Square Enix,Square Enix,Xbox One,2.5,100
Final Fantasy VII Rebirth,2024,RPG,Square Enix,Square Enix,PC,2,80
Helldivers 2,2024,Shooter,Sony,Arrowhead,PS5/PC,12,480
Madden NFL 25,2024,Sports,EA,EA Tiburon,Multi,6.2,248
Madden NFL 25,2024,Sports,EA,EA Tiburon,PS4,2.2,86.8
Madden NFL 25,2024,Sports,EA,EA Tiburon,PS5,2.2,86.8
Madden NFL 25,2024,Sports,EA,EA Tiburon,Xbox One,1.6,62
Madden NFL 25,2024,Sports,EA,EA Tiburon,Xbox Series X,1.6,62
Madden NFL 25,2024,Sports,EA,EA Tiburon,PC,1.2,49.6
Madden NFL 25,2024,Sports,EA,EA Tiburon,Nintendo Switch,0.6,24.8
Madden NFL 25,2024,Sports,EA,EA Tiburon,Mobile,0.3,12.4
Madden NFL 25,2024,Sports,EA,EA Tiburon,PS4,3.72,148.8
Madden NFL 25,2024,Sports,EA,EA Tiburon,Xbox One,3.1,124
NBA 2K25,2024,Sports,2K Sports,Visual Concepts,Multi,6,240
NBA 2K25,2024,Sports,2K Sports,Visual Concepts,PS4,2.1,84
NBA 2K25,2024,Sports,2K Sports,Visual Concepts,PS5,2.1,84
NBA 2K25,2024,Sports,2K Sports,Visual Concepts,Xbox One,1.5,60
NBA 2K25,2024,Sports,2K Sports,Visual Concepts,Xbox Series X,1.5,60
NBA 2K25,2024,Sports,2K Sports,Visual Concepts,PC,1.2,48
NBA 2K25,2024,Sports,2K Sports,Visual Concepts,Nintendo Switch,0.6,24
NBA 2K25,2024,Sports,2K Sports,Visual Concepts,Mobile,0.3,12
NBA 2K25,2024,Sports,2K Sports,Visual Concepts,PS4,3.6,144
NBA 2K25,2024,Sports,2K Sports,Visual Concepts,Xbox One,3,120
Palworld,2024,Action-RPG,Pocket Pair,Pocket Pair,PC/Xbox,8,320
Dota 2,2013,MOBA,Valve,Valve,PC,8.5,340
League of Legends,2013,MOBA,Riot Games,Riot Games,PC,7.3,292
Valorant,2020,Shooter,Riot Games,Riot Games,PC,5.2,208
Counter-Strike 2,2023,Shooter,Valve,Valve,PC,4.8,192
Apex Legends,2019,Battle Royale,EA,Respawn,PC,4.5,180
Apex Legends,2019,Battle Royale,EA,Respawn,PS4,3.2,128
Apex Legends,2019,Battle Royale,EA,Respawn,Xbox One,2.8,112
Splatoon 3,2022,Shooter,Nintendo,Nintendo,Nintendo Switch,3.5,140
Fire Emblem: Three Houses,2019,Strategy-RPG,Nintendo,Intelligent Systems,Nintendo Switch,3.2,128
Metroid Prime Remastered,2023,Action-Adventure,Nintendo,Retro Studios,Nintendo Switch,1.8,72
Xenoblade Chronicles 3,2022,Action-RPG,Nintendo,Monolith Soft,Nintendo Switch,2.5,100
Bayonetta 3,2022,Action,Nintendo,Platinum Games,Nintendo Switch,0.9,36
Zelda: Phantom Hourglass,2017,Action-Adventure,Nintendo,Nintendo,Nintendo Switch,1.2,48
Donkey Kong Country: Tropical Freeze,2018,Platformer,Nintendo,Rare,Nintendo Switch,1.8,72
Super Mario 3D World + Bowser's Fury,2021,Platformer,Nintendo,Nintendo,Nintendo Switch,2.1,84
Mario Kart Live: Home Circuit,2020,Racing,Nintendo,Nintendo,Nintendo Switch,1.5,60
New Pokemon Snap,2021,Photography,Nintendo,Bandai Namco,Nintendo Switch,2.8,112
Scarlet Nexus,2021,Action-RPG,Bandai Namco,Bandai Namco,PS5,0.8,32
Tales of Arise,2021,RPG,Bandai Namco,Bandai Namco,Multi,1.2,48
Tekken 8,2024,Fighting,Bandai Namco,Bandai Namco,PS5,0.9,36
Tekken 8,2024,Fighting,Bandai Namco,Bandai Namco,Xbox Series X,0.8,32
Tekken 8,2024,Fighting,Bandai Namco,Bandai Namco,PC,1.2,48
Granblue Fantasy Versus,2019,Fighting,Cygames,Arc System Works,PS4,0.5,20
BlazBlue Cross Tag Battle,2018,Fighting,Arc System Works,Arc System Works,Nintendo Switch,0.4,16
Under Night In-Birth,2020,Fighting,French-Bread,French-Bread,PS4,0.3,12
Dragon Ball FighterZ,2018,Fighting,Bandai Namco,Arc System Works,Multi,2.5,100
Marvel vs Capcom 3,2018,Fighting,Capcom,Capcom,PS4,1.8,72
Black Myth: Wukong,2024,Action-RPG,Game Science,Game Science,Multi,12.5,500
Black Myth: Wukong,2024,Action-RPG,Game Science,Game Science,PS5,5,200
Black Myth: Wukong,2024,Action-RPG,Game Science,Game Science,PC,4.5,180
Indiana Jones and the Great Circle,2024,Action-Adventure,Microsoft,MachineGames,PC/Xbox Series X,8.3,332
Indiana Jones and the Great Circle,2024,Action-Adventure,Microsoft,MachineGames,Xbox Series X,4,160
Indiana Jones and the Great Circle,2024,Action-Adventure,Microsoft,MachineGames,PC,3.2,128
Silent Hill 2 Remake,2024,Horror,Konami,Bloober Team,Multi,6.2,248
Silent Hill 2 Remake,2024,Horror,Konami,Bloober Team,PS5,3.1,124
Silent Hill 2 Remake,2024,Horror,Konami,Bloober Team,PC,2.4,96
S.T.A.L.K.E.R. 2: Heart of Chornobyl,2024,Action-RPG,GSC Game World,GSC Game World,PC/Xbox Series X,7.8,312
S.T.A.L.K.E.R. 2: Heart of Chornobyl,2024,Action-RPG,GSC Game World,GSC Game World,Xbox Series X,4,160
S.T.A.L.K.E.R. 2: Heart of Chornobyl,2024,Action-RPG,GSC Game World,GSC Game World,PC,3.1,124
Baldurs Gate 3,2023,RPG,Larian Studios,Larian Studios,Multi,15,600
Baldurs Gate 3,2023,RPG,Larian Studios,Larian Studios,PS5,6,240
Baldurs Gate 3,2023,RPG,Larian Studios,Larian Studios,Xbox Series X,5,200
Baldurs Gate 3,2023,RPG,Larian Studios,Larian Studios,PC,4,160
Hogwarts Legacy,2023,Action-RPG,Avalanche Software,Avalanche Software,Multi,12,480
Hogwarts Legacy,2023,Action-RPG,Avalanche Software,Avalanche Software,PS5,4.8,192
Hogwarts Legacy,2023,Action-RPG,Avalanche Software,Avalanche Software,Xbox Series X,3.6,144
Hogwarts Legacy,2023,Action-RPG,Avalanche Software,Avalanche Software,PC,2.4,96
Spider-Man 2,2023,Action-Adventure,Sony,Insomniac Games,PS5,10,400
Alan Wake 2,2023,Action-Horror,Remedy Entertainment,Remedy Entertainment,Multi,5.5,220
Alan Wake 2,2023,Action-Horror,Remedy Entertainment,Remedy Entertainment,PS5,2.2,88
Alan Wake 2,2023,Action-Horror,Remedy Entertainment,Remedy Entertainment,Xbox Series X,1.8,72
Alan Wake 2,2023,Action-Horror,Remedy Entertainment,Remedy Entertainment,PC,1.5,60
Elden Ring,2022,Action-RPG,FromSoftware,FromSoftware,Multi,17,680
Elden Ring,2022,Action-RPG,FromSoftware,FromSoftware,PS5,6.8,272
Elden Ring,2022,Action-RPG,FromSoftware,FromSoftware,Xbox Series X,5.1,204
Elden Ring,2022,Action-RPG,FromSoftware,FromSoftware,PC,3.4,136
God of War Ragnar√∂k,2022,Action-Adventure,Sony,Santa Monica Studio,PS5,11,440
God of War Ragnar√∂k,2022,Action-Adventure,Sony,Santa Monica Studio,PS4,5.5,220
Starfield,2023,Action-RPG,Microsoft,Bethesda Game Studios,PC/Xbox Series X,9.5,380
Starfield,2023,Action-RPG,Microsoft,Bethesda Game Studios,Xbox Series X,5,200
Starfield,2023,Action-RPG,Microsoft,Bethesda Game Studios,PC,4,160
Dragon Age: The Veilguard,2024,Action-RPG,Electronic Arts,BioWare,Multi,8,320
Dragon Age: The Veilguard,2024,Action-RPG,Electronic Arts,BioWare,PS5,3.2,128
Dragon Age: The Veilguard,2024,Action-RPG,Electronic Arts,BioWare,Xbox Series X,2.6,104
Dragon Age: The Veilguard,2024,Action-RPG,Electronic Arts,BioWare,PC,2.2,88
